movie_title,review,clean_review,label
아바타- 불과 재,명불허전의 아바타라 그런지 영상미가 좋네요,명불허전의 아바타라 그런지 영상미가 좋네요,normal
아바타- 불과 재,3시간반이 전혀 길지않게 정말 재있게 잘 봤습니다.,3시간반이 전혀 길지않게 정말 재있게 잘 봤습니다,normal
아바타- 불과 재,전작보다 전개가 더 단단해진 느낌이라 좋았습니다,전작보다 전개가 더 단단해진 느낌이라 좋았습니다,normal
아바타- 불과 재,모처럼 3시간 내내 긴장감을 느끼며 흥미로운 시간이  되었슴다!!!,모처럼 3시간 내내 긴장감을 느끼며 흥미로운 시간이  되었슴다,normal
아바타- 불과 재,아이맥스로 봐야 될듯...,아이맥스로 봐야 될듯,normal
아바타- 불과 재,집에서 봤으면 집중 못 했을 것 같다는 생각이 들더라고요,집에서 봤으면 집중 못 했을 것 같다는 생각이 들더라고요,normal
아바타- 불과 재,확실히 영상미는 대단합니다.,확실히 영상미는 대단합니다,normal
아바타- 불과 재,소리랑 화면이 같이 밀고 들어와서 몰입이 잘 됐어요!!,소리랑 화면이 같이 밀고 들어와서 몰입이 잘 됐어요,positive
아바타- 불과 재,기대보다 좀 아쉬웠지만 역시나 김찌 맛집,기대보다 좀 아쉬웠지만 역시나 김찌 맛집,normal
아바타- 불과 재,2편과 3편을 복붙하듯 거의 동일한 스토리로 만들 거면 왜 3편을 제작했는지 모르겠을 정도로 실망이네요. IMAX 3D로 관람해서 그나마 그래픽만 좋을 뿐 이젠 스토리도 진부해지고 질질 끌면서 지루합니다.,2편과 3편을 복붙하듯 거의 동일한 스토리로 만들 거면 왜 3편을 제작했는지 모르겠을 정도로 실망이네요 IMAX 3D로 관람해서 그나마 그래픽만 좋을 뿐 이젠 스토리도 진부해지고 질질 끌면서 지루합니다,negative
아바타- 불과 재,"아니....! 제임스 카메론 감독
또 하나의 명작을 탄생시켰다
진짜 너무재밌어요
또 볼수있으면 10번도 더보고싶음
아바타10까지달려보자고",아니 제임스 카메론 감독 또 하나의 명작을 탄생시켰다 진짜 너무재밌어요 또 볼수있으면 10번도 더보고싶음 아바타10까지달려보자고,positive
아바타- 불과 재,액션 장면이 많아도 흐름이 끊기지 않아서 보기 편했습니다,액션 장면이 많아도 흐름이 끊기지 않아서 보기 편했습니다,normal
아바타- 불과 재,러닝타임 길어서 걱정했는데 끝나고 보니 아쉽게 느껴졌어요,러닝타임 길어서 걱정했는데 끝나고 보니 아쉽게 느껴졌어요,negative
아바타- 불과 재,재미있는관람 했읍니다,재미있는관람 했읍니다,positive
아바타- 불과 재,극장에서 봐야 한다는 말이 왜 나오는지 바로 이해됨ㅡㅡ,극장에서 봐야 한다는 말이 왜 나오는지 바로 이해됨,normal
아바타- 불과 재,오랜만에 별점 주는 게 쉬운 영화였습니다,오랜만에 별점 주는 게 쉬운 영화였습니다,normal
아바타- 불과 재,아바타는 늘 신비롭고 대단하지만 3시간 17분의 러닝타임은 스토리상 너무 길다,아바타는 늘 신비롭고 대단하지만 3시간 17분의 러닝타임은 스토리상 너무 길다,normal
아바타- 불과 재,"스케일이 크고 볼거리가 많은 영화입니다.
재미있어서 시간이 금방 지나가요.",스케일이 크고 볼거리가 많은 영화입니다 재미있어서 시간이 금방 지나가요,positive
아바타- 불과 재,3시간인데 몰입했네요,3시간인데 몰입했네요,positive
아바타- 불과 재,영화 끝나고 나서 기분이 나쁘지 않은 상태,영화 끝나고 나서 기분이 나쁘지 않은 상태,normal
아바타- 불과 재,큰 기대 없이 갔다가 만족하고 나온 작품,큰 기대 없이 갔다가 만족하고 나온 작품,positive
아바타- 불과 재,시리즈 몰라도 충분히 즐길 수 있을 것 같습니다,시리즈 몰라도 충분히 즐길 수 있을 것 같습니다,normal
아바타- 불과 재,누군가 극장이 왜 있어야하느냐고 묻는다면 아바타! 라고 답하겠다.  안그런가?,누군가 극장이 왜 있어야하느냐고 묻는다면 아바타 라고 답하겠다  안그런가,normal
아바타- 불과 재,시간 가는줄 모르고 재미있게 봤어요.3D로 보니까는 더 재미있는거 같아요.,시간 가는줄 모르고 재미있게 봤어요3D로 보니까는 더 재미있는거 같아요,positive
아바타- 불과 재,역시 기대에 어긋남없이 완벽한 영화👍,역시 기대에 어긋남없이 완벽한 영화,normal
아바타- 불과 재,엔딩이 정리형이라 개인적으로 더 마음에 들었어요~!!,엔딩이 정리형이라 개인적으로 더 마음에 들었어요,normal
아바타- 불과 재,아바타 화려한 영상을 즐기려먄 IMAX 강추,아바타 화려한 영상을 즐기려먄 IMAX 강추,normal
아바타- 불과 재,"훌륭한 영상미와 전투장면. 하지만 전편과 비슷하게 반복되는 스토리와 어디선가 봐왔던 익숙한 설정들의 남발.(성경, 스타워즈, 클레오파트라 등등이 생각남) 더이상 다음 이야기가 궁금하지 않음.",훌륭한 영상미와 전투장면 하지만 전편과 비슷하게 반복되는 스토리와 어디선가 봐왔던 익숙한 설정들의 남발성경 스타워즈 클레오파트라 등등이 생각남 더이상 다음 이야기가 궁금하지 않음,positive
아바타- 불과 재,볼만은 한데 어디서 본듯한 애니나 게임장면이 생각납니다,볼만은 한데 어디서 본듯한 애니나 게임장면이 생각납니다,normal
아바타- 불과 재,이 정도 스케일 영화는 자주 나오지 않아서 더 값지게 느껴져요,이 정도 스케일 영화는 자주 나오지 않아서 더 값지게 느껴져요,normal
아바타- 불과 재,햄람쥐님은 실관람객입니다.,햄람쥐님은 실관람객입니다,normal
아바타- 불과 재,미쳤다.... 이건 진짜 ㅎ,미쳤다 이건 진짜 ㅎ,normal
아바타- 불과 재,별점 고민 없이 높게 주게 되는 영화였습니다~~~,별점 고민 없이 높게 주게 되는 영화였습니다,normal
아바타- 불과 재,"2편 물의길 에서 이어지는 확장판 망칸족 족장 바랑은 초반만 위압감을 보이고 제이크가 토루크 막토가 되어 쿼리치 대령과 계속 투쟁 하며 하늘,바다 에서 벌어지는 전투 장면,연말에 대적할 작품이 없다.",2편 물의길 에서 이어지는 확장판 망칸족 족장 바랑은 초반만 위압감을 보이고 제이크가 토루크 막토가 되어 쿼리치 대령과 계속 투쟁 하며 하늘바다 에서 벌어지는 전투 장면연말에 대적할 작품이 없다,normal
아바타- 불과 재,극장 경험 자체를 중요하게 생각하신다면 꼭 보시길ㅋ,극장 경험 자체를 중요하게 생각하신다면 꼭 보시길ㅋ,normal
아바타- 불과 재,역시나 너무 잼있어요!!스토리 진행 영상~~몰입감 최고네유~~ㅎ올만에 극장에서 볼만한 영화였네여,역시나 너무 잼있어요스토리 진행 영상몰입감 최고네유ㅎ올만에 극장에서 볼만한 영화였네여,positive
아바타- 불과 재,"바랑은 매력적이고 여전히 영상미는 훌륭합니다만, 2편과 비교하면 다소 실망스럽네요.  스토리가 전편들 재탕 새로움이 덜합니다.",바랑은 매력적이고 여전히 영상미는 훌륭합니다만 2편과 비교하면 다소 실망스럽네요  스토리가 전편들 재탕 새로움이 덜합니다,normal
아바타- 불과 재,감정적인 영화 좋아하시는 분들도 추천할 만합니다!,감정적인 영화 좋아하시는 분들도 추천할 만합니다,positive
아바타- 불과 재,액션 좋아하시는 분들도 충분히 만족하실 듯해요,액션 좋아하시는 분들도 충분히 만족하실 듯해요,positive
아바타- 불과 재,연대의식아래 펼쳐지는 육해공 활극액션에 눈이 휘둥그레 집니다. 역시 자연을 거스르면 안 됩니다.,연대의식아래 펼쳐지는 육해공 활극액션에 눈이 휘둥그레 집니다 역시 자연을 거스르면 안 됩니다,normal
아바타- 불과 재,전투씬에서도 캐릭터 감정이 살아 있어서 몰입함ㅋㅋ,전투씬에서도 캐릭터 감정이 살아 있어서 몰입함ㅋㅋ,positive
아바타- 불과 재,"금쪽이들은 언제 자라는지 ,, 연출도 낡았고 스토리도 낡았지만 영상미와 창의성이 그나마 있음",금쪽이들은 언제 자라는지  연출도 낡았고 스토리도 낡았지만 영상미와 창의성이 그나마 있음,normal
아바타- 불과 재,"3시간이라 걱정했는데
보는데 시간을 순삭시켜 버리네요. 
1시간30분 영화 보는 느낌으로
화려하고 아름다운 영상과 개성 뚜렷한 캐릭터들
다 만족스러운 관람이였습니다.",3시간이라 걱정했는데 보는데 시간을 순삭시켜 버리네요  1시간30분 영화 보는 느낌으로 화려하고 아름다운 영상과 개성 뚜렷한 캐릭터들 다 만족스러운 관람이였습니다,positive
아바타- 불과 재,역시 카메룬옹 이네요! 초반 살짝 지루한감이 있지만 압도적인 전투씬과 cg가 모들걸 압도합니다. 아맥관람 필수입니다. 일반관에서 보면 재미가 반감됩니다.,역시 카메룬옹 이네요 초반 살짝 지루한감이 있지만 압도적인 전투씬과 cg가 모들걸 압도합니다 아맥관람 필수입니다 일반관에서 보면 재미가 반감됩니다,normal
아바타- 불과 재,기술력만 앞세운 영화가 아니라서 더 좋았습니다,기술력만 앞세운 영화가 아니라서 더 좋았습니다,normal
아바타- 불과 재,"그냥 환상적!!!!
한번 더 봐야겠음.
그냥 꼭 봐야함.",그냥 환상적 한번 더 봐야겠음 그냥 꼭 봐야함,normal
아바타- 불과 재,육 해 공을 잇는  아름다운 영상과  자연과 나비족이 하나되어  인간과 펼치는  마지막 전투씬은 압도적이네요자연을 지키며 자연과 공존하는 나비족  아이들의 성장과  설리 가족의 사랑   역시 아바타네요,육 해 공을 잇는  아름다운 영상과  자연과 나비족이 하나되어  인간과 펼치는  마지막 전투씬은 압도적이네요자연을 지키며 자연과 공존하는 나비족  아이들의 성장과  설리 가족의 사랑   역시 아바타네요,normal
아바타- 불과 재,요즘 보기 드문 ‘극장용’ 영화라는 생각이 들었습니다,요즘 보기 드문 극장용 영화라는 생각이 들었습니다,normal
아바타- 불과 재,대) 아바타 시리즈를 재밌게 봐서 좋았어요,대 아바타 시리즈를 재밌게 봐서 좋았어요,positive
아바타- 불과 재,이런게 영화지....ㅎㅎ,이런게 영화지ㅎㅎ,normal
아바타- 불과 재,"IMAX 로 봤어요
안경쓰고 코앞에서 보는것처럼 봐서 너무촣았어요",IMAX 로 봤어요 안경쓰고 코앞에서 보는것처럼 봐서 너무촣았어요,normal
아바타- 불과 재,그래픽을 이용한 역사의 이야기…,그래픽을 이용한 역사의 이야기,normal
아바타- 불과 재,아바타하면 완벽한 영상인데 이번화에는 더 한층업그레이드가 되서 좋았네요,아바타하면 완벽한 영상인데 이번화에는 더 한층업그레이드가 되서 좋았네요,normal
아바타- 불과 재,4DX 3D로 봤는데 영상미가 뛰어나다.,4DX 3D로 봤는데 영상미가 뛰어나다,normal
아바타- 불과 재,영화관 나와서 바로 추천하고 싶어졌어요!!,영화관 나와서 바로 추천하고 싶어졌어요,positive
아바타- 불과 재,"친구가 
오열햇습니다……….
좋은영화네요",친구가  오열햇습니다 좋은영화네요,normal
아바타- 불과 재,시리즈 정리용으로도 잘 만들어진 작품이라고 생각합니다^^,시리즈 정리용으로도 잘 만들어진 작품이라고 생각합니다,normal
아바타- 불과 재,오랜만에 재밌게 영화 관람했습니다,오랜만에 재밌게 영화 관람했습니다,positive
아바타- 불과 재,전작에서 아쉬웠던 부분들이 꽤 보완된 느낌이에요,전작에서 아쉬웠던 부분들이 꽤 보완된 느낌이에요,normal
아바타- 불과 재,"시간가는줄 모르고 재미나게 잘봤습니다 
중간에 화장실을 가야해서 스토리 일부 끊김",시간가는줄 모르고 재미나게 잘봤습니다  중간에 화장실을 가야해서 스토리 일부 끊김,positive
아바타- 불과 재,"3d 영상 잘봤습니다
3시간이 넘어 길다 느꼈지만 서사를 위해 필요한 것 같네요",3d 영상 잘봤습니다 3시간이 넘어 길다 느꼈지만 서사를 위해 필요한 것 같네요,normal
아바타- 불과 재,3시간이 길지 않게 느껴질 정도로 몰입해서 재미있게 봤어요.,3시간이 길지 않게 느껴질 정도로 몰입해서 재미있게 봤어요,positive
아바타- 불과 재,"3편이라기보다
2-2편 느낌 입니다.
플롯은 전반적으로 2편과 비슷",3편이라기보다 22편 느낌 입니다 플롯은 전반적으로 2편과 비슷,normal
아바타- 불과 재,역시 믿고보는 아바타 입니다,역시 믿고보는 아바타 입니다,normal
아바타- 불과 재,눈이 정말 즐거워서 몰입감이 좋았다,눈이 정말 즐거워서 몰입감이 좋았다,positive
아바타- 불과 재,영상미 하나는 끝내주~,영상미 하나는 끝내주,normal
아바타- 불과 재,스토리보단 아이맥스 영상이 좋아서 괜찮게 봤어요,스토리보단 아이맥스 영상이 좋아서 괜찮게 봤어요,normal
아바타- 불과 재,"아바타는 아바타입니다.
아이맥스 초강추해요~!!!",아바타는 아바타입니다 아이맥스 초강추해요,normal
아바타- 불과 재,재밌게 잘 보았습니다.,재밌게 잘 보았습니다,positive
아바타- 불과 재,"전작들의 재미난 요소만 모아 다시 만든듯한 종합선물세트..
향후 시리즈에선 더이상 뭘 더 보여줄수 있을지....",전작들의 재미난 요소만 모아 다시 만든듯한 종합선물세트 향후 시리즈에선 더이상 뭘 더 보여줄수 있을지,positive
아바타- 불과 재,툴쿤의 자각이 불러온 최고의 전투씬!!,툴쿤의 자각이 불러온 최고의 전투씬,positive
아바타- 불과 재,"숲ㆍ물ㆍ불 총출동입니다
스케일이 커서 영화관서 보는것을 추천합니다",숲물불 총출동입니다 스케일이 커서 영화관서 보는것을 추천합니다,positive
아바타- 불과 재,재밌게 잘 관람했습니다,재밌게 잘 관람했습니다,positive
아바타- 불과 재,집중해서 보지 않으면 놓칠 장면들이 꽤 있어요,집중해서 보지 않으면 놓칠 장면들이 꽤 있어요,normal
아바타- 불과 재,"딱 기대값하는 영화에요. 쿠키가없어서 후속편이 없을수도있지만, 나왔으면 하네요",딱 기대값하는 영화에요 쿠키가없어서 후속편이 없을수도있지만 나왔으면 하네요,normal
아바타- 불과 재,"1, 2편 보고 눈 높아진 분들, 안심하고 기대치 풀충전해서 가셔도 됩니다. 색다른 매력이 넘쳐서 일반관에서 보고 나면 '아, 이건 무조건 4D나 특별관으로 한 번 더 뜯어봐야겠다'는 지갑 걱정이 절로 드실 겁니다.""",1 2편 보고 눈 높아진 분들 안심하고 기대치 풀충전해서 가셔도 됩니다 색다른 매력이 넘쳐서 일반관에서 보고 나면 아 이건 무조건 4D나 특별관으로 한 번 더 뜯어봐야겠다는 지갑 걱정이 절로 드실 겁니다,normal
아바타- 불과 재,몰입감은 좋았는데 물의 길 2가 더 맞는 제목이 아닌가 싶네요..,몰입감은 좋았는데 물의 길 2가 더 맞는 제목이 아닌가 싶네요,positive
아바타- 불과 재,러닝타임 긴데 하나도 안 지루하고 계속 흥미진진하게 봄. 너무 재밌어서 영화관 나오면서 또 예매함! 아바타 시리즈 안 본 사람이면 3만 보기엔 이해 하기 어려울 수도 있음.,러닝타임 긴데 하나도 안 지루하고 계속 흥미진진하게 봄 너무 재밌어서 영화관 나오면서 또 예매함 아바타 시리즈 안 본 사람이면 3만 보기엔 이해 하기 어려울 수도 있음,normal
아바타- 불과 재,뻔하지만 일단 봐라,뻔하지만 일단 봐라,normal
아바타- 불과 재,"진짜 넘넘 재밌게 봤습니다~스케일도 크고 몰입감에 세시간반이 훌쩍 지나가더라구요~IMAX로 첫 스타트했고 4DX도 예매해뒀어요 최소 3번이상은 볼듯 합니다!!!
와~꼭들 보십시요!!!",진짜 넘넘 재밌게 봤습니다스케일도 크고 몰입감에 세시간반이 훌쩍 지나가더라구요IMAX로 첫 스타트했고 4DX도 예매해뒀어요 최소 3번이상은 볼듯 합니다 와꼭들 보십시요,positive
아바타- 불과 재,돈이 아깝지 않은 영화!,돈이 아깝지 않은 영화,normal
아바타- 불과 재,시간가는줄 모르고 봤네요,시간가는줄 모르고 봤네요,normal
아바타- 불과 재,솔직히 영상미 원툴이긴 해.. 시리즈를 거듭할수록 스토리가 진부해진다.. 아 그리고 솔직히 아바타는 3D로 봐야함..,솔직히 영상미 원툴이긴 해 시리즈를 거듭할수록 스토리가 진부해진다 아 그리고 솔직히 아바타는 3D로 봐야함,normal
아바타- 불과 재,영화 한 편 제대로 봤다는 느낌이 들었습니다,영화 한 편 제대로 봤다는 느낌이 들었습니다,normal
아바타- 불과 재,"아바타1 -2009 용산아이맥스 관람
아바타2 -패스(집에서 티비로) 본 일반인입니다.  아바타3... 1을 봤을때의 충격에는 미치지 못하지만 특별관 3개 다 싹쓸이해서 봐도 좋겠다는 생각이 들 정도네요^^ 강추.",아바타1 2009 용산아이맥스 관람 아바타2 패스집에서 티비로 본 일반인입니다  아바타3 1을 봤을때의 충격에는 미치지 못하지만 특별관 3개 다 싹쓸이해서 봐도 좋겠다는 생각이 들 정도네요 강추,normal
아바타- 불과 재,엔딩 크레딧 올라갈 때 괜히 마음이 차분해졌습니다,엔딩 크레딧 올라갈 때 괜히 마음이 차분해졌습니다,normal
아바타- 불과 재,"Awkward
오징어가 그렇게 무섭나?!",Awkward 오징어가 그렇게 무섭나,normal
아바타- 불과 재,가족 이야기 쪽에서 생각보다 공감이 많이 됐어요,가족 이야기 쪽에서 생각보다 공감이 많이 됐어요,normal
아바타- 불과 재,3시간이 긴 시간이었지만 순식간에 지나갔어요 넘 감동적이고 영상미가 너무 아름다웠어요,3시간이 긴 시간이었지만 순식간에 지나갔어요 넘 감동적이고 영상미가 너무 아름다웠어요,positive
아바타- 불과 재,"아바타 시리즈 중 젤 좋습니다
우나 체플린이 연기한 불의 부족장도 좋고
2편하고 비슷한 기시감도 있지만 2편과 3편이 이어진다고
생각하면 납득이 됩니다

정말 역시 아바타는 2000년대들어 최고의 SF 이자
3D지존",아바타 시리즈 중 젤 좋습니다 우나 체플린이 연기한 불의 부족장도 좋고 2편하고 비슷한 기시감도 있지만 2편과 3편이 이어진다고 생각하면 납득이 됩니다 정말 역시 아바타는 2000년대들어 최고의 SF 이자 3D지존,positive
아바타- 불과 재,상영시간이 길어서 표값이 아깝지는 않습니다. 재미는 그럭저럭이네요,상영시간이 길어서 표값이 아깝지는 않습니다 재미는 그럭저럭이네요,positive
아바타- 불과 재,"영상은 역시 아바타.. 
꼭 IMAX로 보세요~~  연말 흥행 계속 하겠네요
스토리는 전편만 못하지만, 영상만으로 충분히 볼거리를 제공하니 안볼이유는 없죠. 
3시간 넘게 하다보니 화장실 필히 시작전 다녀오기^^",영상은 역시 아바타  꼭 IMAX로 보세요  연말 흥행 계속 하겠네요 스토리는 전편만 못하지만 영상만으로 충분히 볼거리를 제공하니 안볼이유는 없죠  3시간 넘게 하다보니 화장실 필히 시작전 다녀오기,normal
아바타- 불과 재,올해 극장에서 본 영화 중 기억에 오래 남을 것 같아요!,올해 극장에서 본 영화 중 기억에 오래 남을 것 같아요,normal
아바타- 불과 재,역대 최고의 CG!! 최고의 액션 판타지 영화!!,역대 최고의 CG 최고의 액션 판타지 영화,positive
아바타- 불과 재,화려한 입체적 3D 시각효과와 나비족들의 텔레파시 교감을 통한 인간들과의 전쟁 속 스펙터클 비주얼의 대서사시,화려한 입체적 3D 시각효과와 나비족들의 텔레파시 교감을 통한 인간들과의 전쟁 속 스펙터클 비주얼의 대서사시,normal
아바타- 불과 재,보고 나서 바로 평점 남기고 싶어진 작품,보고 나서 바로 평점 남기고 싶어진 작품,normal
아바타- 불과 재,액션만 센 영화가 아니라는 점이 특히 좋았습니다,액션만 센 영화가 아니라는 점이 특히 좋았습니다,normal
아바타- 불과 재,사운드가 과하지 않게 잘 조절돼 있어서 보기 편했어요~ㅎ,사운드가 과하지 않게 잘 조절돼 있어서 보기 편했어요ㅎ,normal
아바타- 불과 재,정말 긴 러닝타임에 기대를 갖고 아이맥스에 3D를 봤는데 그리 기대를 충족시키지는 못하네요.,정말 긴 러닝타임에 기대를 갖고 아이맥스에 3D를 봤는데 그리 기대를 충족시키지는 못하네요,normal
아바타- 불과 재,압도적 몰입감최고 하이라이트 전투신 짱.역시 아바타^^,압도적 몰입감최고 하이라이트 전투신 짱역시 아바타,positive
아바타- 불과 재,3시간 영화가 부담스러웠는데 끝나고 나니 짧게 느껴졌어요,3시간 영화가 부담스러웠는데 끝나고 나니 짧게 느껴졌어요,normal
아바타- 불과 재,1편과 2편을 합쳐놓은 익숙하고 잘 아는 맛. 이전에 없던 새로운 것을 기대했다면 아쉬움이 더 클지도?,1편과 2편을 합쳐놓은 익숙하고 잘 아는 맛 이전에 없던 새로운 것을 기대했다면 아쉬움이 더 클지도,normal
아바타- 불과 재,시간가는줄 몰랐어요...,시간가는줄 몰랐어요,normal
아바타- 불과 재,"1편는 서울대형관 에서3D로보고 2편은거제에서3D 보고
이번에는 3편 는 2D보고 왔는데 3시간 넘는것이 지류한 
줄몰라 음  좋아 음",1편는 서울대형관 에서3D로보고 2편은거제에서3D 보고 이번에는 3편 는 2D보고 왔는데 3시간 넘는것이 지류한  줄몰라 음  좋아 음,normal
아바타- 불과 재,"최고에요
 역시 아바타
.3시간이 금방지나가요.",최고에요  역시 아바타 3시간이 금방지나가요,positive
아바타- 불과 재,아이맥스나 돌비에서 보면 만족도가 더 높을 것 같아요,아이맥스나 돌비에서 보면 만족도가 더 높을 것 같아요,positive
아바타- 불과 재,"서사도, 비주얼도 전작의 답습에서 그칠 뿐",서사도 비주얼도 전작의 답습에서 그칠 뿐,normal
아바타- 불과 재,시리즈 팬이면 더 의미 있게 보실 듯합니다ㅠ,시리즈 팬이면 더 의미 있게 보실 듯합니다,normal
아바타- 불과 재,정말 재밌게 봤어요 또 보고싶어요,정말 재밌게 봤어요 또 보고싶어요,positive
아바타- 불과 재,이야기만 보고 가도 충분히 만족할 수 있을 것 같아요,이야기만 보고 가도 충분히 만족할 수 있을 것 같아요,positive
아바타- 불과 재,"극장에서 봐야만하는 이유를 증명한 영화!
현존하는 영화 기술 집합체의 최고봉.
근데 계속 오징어볶음 생각나서 끝나고 먹음.",극장에서 봐야만하는 이유를 증명한 영화 현존하는 영화 기술 집합체의 최고봉 근데 계속 오징어볶음 생각나서 끝나고 먹음,positive
아바타- 불과 재,상영이 세시간이 넘어서 긴장했지만 시간이 후루룩 지나가네요. 믿고보는 아바타!!,상영이 세시간이 넘어서 긴장했지만 시간이 후루룩 지나가네요 믿고보는 아바타,normal
아바타- 불과 재,"3시간이라길래 허리 걱정부터 했는데, 이야기 완급 조절이 웬만한 밀당 고수 수준입니다. 단순히 눈만 즐거운 게 아니라 캐릭터들이 팽팽하게 긴장감을 잡아줘서 엉덩이 붙이고 있을 명분이 충분하네요",3시간이라길래 허리 걱정부터 했는데 이야기 완급 조절이 웬만한 밀당 고수 수준입니다 단순히 눈만 즐거운 게 아니라 캐릭터들이 팽팽하게 긴장감을 잡아줘서 엉덩이 붙이고 있을 명분이 충분하네요,normal
아바타- 불과 재,요즘 영화들보다 확실히 스케일 차이가 느껴집니다,요즘 영화들보다 확실히 스케일 차이가 느껴집니다,normal
아바타- 불과 재,지구에서 일어난 문명이 야생에게 가한 폭력을 판도라 행성으로 보여준다.,지구에서 일어난 문명이 야생에게 가한 폭력을 판도라 행성으로 보여준다,normal
아바타- 불과 재,보는 동안 집중력이 한 번도 흐트러지지 않았어요,보는 동안 집중력이 한 번도 흐트러지지 않았어요,normal
아바타- 불과 재,"아바타 대망의 마지막을 장식하는 영화
중간에 약간은 지루했지만
그래도 실망시키지 않았습니다",아바타 대망의 마지막을 장식하는 영화 중간에 약간은 지루했지만 그래도 실망시키지 않았습니다,negative
아바타- 불과 재,"잘 봤습니다
초반에는 지루했지만...",잘 봤습니다 초반에는 지루했지만,negative
아바타- 불과 재,역시 아바타. 이어지는. 내용 영상미. 즐겁게. 감상할 영화같은 실감이 깊은 감동을. 주었습니다 정말 잘. 보았습니다,역시 아바타 이어지는 내용 영상미 즐겁게 감상할 영화같은 실감이 깊은 감동을 주었습니다 정말 잘 보았습니다,positive
아바타- 불과 재,CG가 이질적이지만 #존잼,CG가 이질적이지만 존잼,normal
아바타- 불과 재,전쟁 장면인데도 이상하게 감정적으로 남는 순간들이 있었습니다ㅋㅋㅋ,전쟁 장면인데도 이상하게 감정적으로 남는 순간들이 있었습니다ㅋㅋㅋ,normal
아바타- 불과 재,극장 사운드 시스템이 왜 중요한지 다시 느끼게 해준 영화!,극장 사운드 시스템이 왜 중요한지 다시 느끼게 해준 영화,normal
아바타- 불과 재,"1,2편보다 별로였어요. 두 전편 합친  후속작 이였어요.",12편보다 별로였어요 두 전편 합친  후속작 이였어요,negative
아바타- 불과 재,CG가 튀지 않고 자연스럽게 녹아들어서 몰입에 방해가 안 됐어요,CG가 튀지 않고 자연스럽게 녹아들어서 몰입에 방해가 안 됐어요,positive
아바타- 불과 재,기술적인 완성도가 정말 높다고 느껴졌습니다,기술적인 완성도가 정말 높다고 느껴졌습니다,positive
아바타- 불과 재,Imax 3d로봤는데 처음에는 3d때문에 몰입이 안됬는데 나중에는 적응되서 오히려 집중됐음,Imax 3d로봤는데 처음에는 3d때문에 몰입이 안됬는데 나중에는 적응되서 오히려 집중됐음,positive
아바타- 불과 재,ㅠㅠㅠ 이건 꼭 극장에서 봐야해, 이건 꼭 극장에서 봐야해,normal
아바타- 불과 재,영상미 대단하네요. 내용이 점점 잔인하고 지루해지고 있어요. 더 이상 '아바타'가 아닌 내용이네요. 개인적으로 4에서 마무리짓길 희망합니다.,영상미 대단하네요 내용이 점점 잔인하고 지루해지고 있어요 더 이상 아바타가 아닌 내용이네요 개인적으로 4에서 마무리짓길 희망합니다,negative
아바타- 불과 재,엔딩이 과하지 않아서 오히려 여운이 오래 남네요,엔딩이 과하지 않아서 오히려 여운이 오래 남네요,normal
아바타- 불과 재,기대 이상의 재미와 감동이 있다,기대 이상의 재미와 감동이 있다,positive
아바타- 불과 재,전투 장면이 많아도 흐름이 끊기지 않아서 편하게 봤습니다,전투 장면이 많아도 흐름이 끊기지 않아서 편하게 봤습니다,normal
아바타- 불과 재,3시간 17분 시간 순삭이네요~,3시간 17분 시간 순삭이네요,normal
아바타- 불과 재,아바타의 시대에 살아서 행복했습니다,아바타의 시대에 살아서 행복했습니다,normal
아바타- 불과 재,오랜만에 만나니 더 기대가 되고 재미나게 잘 봤습니다,오랜만에 만나니 더 기대가 되고 재미나게 잘 봤습니다,positive
아바타- 불과 재,전작보다 이야기 밀도가 높아진 느낌이라 더 만족했습니다,전작보다 이야기 밀도가 높아진 느낌이라 더 만족했습니다,positive
아바타- 불과 재,전작들을 자기 복제한 느낌은 있지만 재미있어요,전작들을 자기 복제한 느낌은 있지만 재미있어요,positive
아바타- 불과 재,집에서 봤으면 많이 아쉬웠을 영화라 극장 선택 잘한 듯ㅎㅎㅎ,집에서 봤으면 많이 아쉬웠을 영화라 극장 선택 잘한 듯ㅎㅎㅎ,normal
아바타- 불과 재,재밌게 봤다. 근데 넘 길다.,재밌게 봤다 근데 넘 길다,positive
아바타- 불과 재,아 졸라 힐링하고옴 ㅋㅋ,아 졸라 힐링하고옴 ㅋㅋ,normal
아바타- 불과 재,아바타 재미있어요~~ 역싀~~,아바타 재미있어요 역싀,positive
아바타- 불과 재,재미가 없는 건 아님 근데 자꾸 1편느낌나고 2편느낌남 ㅠ 당연하겠지...? 시리즈물이니까 근데 너무 했던ㄱㅓ 또나오고또나오고또나오고 또 나올것 같음 ㅋ큐ㅠㅠ 30분은 줄일수잇을거 같은데 좀 줄여보지,재미가 없는 건 아님 근데 자꾸 1편느낌나고 2편느낌남  당연하겠지 시리즈물이니까 근데 너무 했던ㄱ 또나오고또나오고또나오고 또 나올것 같음 ㅋ큐 30분은 줄일수잇을거 같은데 좀 줄여보지,positive
아바타- 불과 재,극장에서 봐야 하는 이유를 처음 장면부터 바로 납득시켜주는 영화!,극장에서 봐야 하는 이유를 처음 장면부터 바로 납득시켜주는 영화,normal
아바타- 불과 재,"영어는 유니버스 공통어임
수능 영어 만점을 향해 ㄱㄱㄱㄱ",영어는 유니버스 공통어임 수능 영어 만점을 향해 ㄱㄱㄱㄱ,normal
아바타- 불과 재,2보다는 재밌게 봤어요 상영시간이 너무 길어요,2보다는 재밌게 봤어요 상영시간이 너무 길어요,positive
아바타- 불과 재,기대치가 높았는데도 그걸 넘겨서 솔직히 좀 놀랐습니다^^,기대치가 높았는데도 그걸 넘겨서 솔직히 좀 놀랐습니다,normal
아바타- 불과 재,"가족애와 동족애를 느끼게해주는 영화.
런닝타임동안 긴시간임에도 불구하고 시간가는줄
모르게 재밌게 봤네요.
아바타는 특별관에서 봐야 제격.",가족애와 동족애를 느끼게해주는 영화 런닝타임동안 긴시간임에도 불구하고 시간가는줄 모르게 재밌게 봤네요 아바타는 특별관에서 봐야 제격,positive
아바타- 불과 재,영화가 끝났는데 마음은 아직 안 끝난 느낌입니다,영화가 끝났는데 마음은 아직 안 끝난 느낌입니다,normal
아바타- 불과 재,아직 이런 영화가 나온다는 게 반가웠어요,아직 이런 영화가 나온다는 게 반가웠어요,normal
아바타- 불과 재,역시 아바타! 너무 재밌게 봤다.,역시 아바타 너무 재밌게 봤다,positive
아바타- 불과 재,시간가는줄 모르고 봤어요. 역시 아바타는 4D로 봐야 제맛이죠.,시간가는줄 모르고 봤어요 역시 아바타는 4D로 봐야 제맛이죠,normal
아바타- 불과 재,역시 아바타.. 엉덩이 아파서 혼났음,역시 아바타 엉덩이 아파서 혼났음,normal
아바타- 불과 재,스토리 따라가기 어렵지 않아서 부담 없이 볼 수 있어요,스토리 따라가기 어렵지 않아서 부담 없이 볼 수 있어요,normal
아바타- 불과 재,몰입감이 있어 재밌어요,몰입감이 있어 재밌어요,positive
아바타- 불과 재,꽤 긴편이라서 고민했는데 긴장감 있게 몰입해서 봤어요!,꽤 긴편이라서 고민했는데 긴장감 있게 몰입해서 봤어요,positive
아바타- 불과 재,믿고보는 아바타 시간가는 줄 모르고 몰입함!!,믿고보는 아바타 시간가는 줄 모르고 몰입함,positive
아바타- 불과 재,큰 화면에서 보는 재미가 확실한 작품입니다,큰 화면에서 보는 재미가 확실한 작품입니다,positive
아바타- 불과 재,너무 잼있었어요!!,너무 잼있었어요,normal
아바타- 불과 재,특히 극장 사운드 좋아하시는 분들께는 더 추천합니다ㅠㅠ,특히 극장 사운드 좋아하시는 분들께는 더 추천합니다,positive
아바타- 불과 재,반드시 IMAX로 봐야 할 영화다 스토리를 떠나 3D로 보는 눈과 귀가 즐겁고 순간순간 감탄이 안 나올수가 없다 특히 이번편 빌런인 망콴족의 리더 바랑의 카리스마+섹시 요염한 매력의 캐릭터가 매우 흥미롭다 강추~,반드시 IMAX로 봐야 할 영화다 스토리를 떠나 3D로 보는 눈과 귀가 즐겁고 순간순간 감탄이 안 나올수가 없다 특히 이번편 빌런인 망콴족의 리더 바랑의 카리스마섹시 요염한 매력의 캐릭터가 매우 흥미롭다 강추,normal
아바타- 불과 재,"오랜만에보는 아바타 역시 2보타 재미나다 

쿠키영상없다 끝까지 기다렸다 ㅠㅠ",오랜만에보는 아바타 역시 2보타 재미나다  쿠키영상없다 끝까지 기다렸다 ,positive
아바타- 불과 재,"아바타3 나오길 기다렸는데, 영상미가 너무 예뻐요..!!
이번에도 영화 잘 봤습니다 :)",아바타3 나오길 기다렸는데 영상미가 너무 예뻐요 이번에도 영화 잘 봤습니다 ,normal
아바타- 불과 재,2편보다는 재밌지만 최고 감동은 여전히 1편. 3시간 17분이 지루하진 않았지만 n차를 하기에는...,2편보다는 재밌지만 최고 감동은 여전히 1편 3시간 17분이 지루하진 않았지만 n차를 하기에는,positive
아바타- 불과 재,"아바타3 요고 완전 대박 입니다
간만에 영화보고 돈 아깝다는 생각 못 했어요
정말 멋지고~감동 적입니다
꼭 보세요~분명 2천만 갑니다",아바타3 요고 완전 대박 입니다 간만에 영화보고 돈 아깝다는 생각 못 했어요 정말 멋지고감동 적입니다 꼭 보세요분명 2천만 갑니다,positive
아바타- 불과 재,",,나는 당신을 봅니다,,
서로 존중하며  공존할순 없는걸까 ᆢ
긴 상영 시간 임에도  순삭인 느낌~ 잘 봤고 ~^^
-- 오징어 무셔~~!!",나는 당신을 봅니다 서로 존중하며  공존할순 없는걸까  긴 상영 시간 임에도  순삭인 느낌 잘 봤고   오징어 무셔,normal
아바타- 불과 재,긴장감도 느끼며 재밌게 봤지만 인상깊은 감정은 감동이네요 ㅠㅠㅠㅠ 🥺,긴장감도 느끼며 재밌게 봤지만 인상깊은 감정은 감동이네요  ,positive
아바타- 불과 재,엄청 재밌는지는 모르겠는데 시간은 빨리감!!,엄청 재밌는지는 모르겠는데 시간은 빨리감,positive
아바타- 불과 재,시간이 꽤 흘렀다는 게 실감 났어요!!!,시간이 꽤 흘렀다는 게 실감 났어요,normal
아바타- 불과 재,아바타를 처음 봤던 때도 같이 생각났습니다,아바타를 처음 봤던 때도 같이 생각났습니다,normal
아바타- 불과 재,"역시 3D로 관람하길 잘했다
몰입감이 한층 더했다",역시 3D로 관람하길 잘했다 몰입감이 한층 더했다,positive
아바타- 불과 재,재밌게 관람했습니다.,재밌게 관람했습니다,positive
아바타- 불과 재,아주 재미있게 봤습니다,아주 재미있게 봤습니다,positive
아바타- 불과 재,이렇게 마무리할 수 있다는 게 쉽지 않은데 잘 해냈어요,이렇게 마무리할 수 있다는 게 쉽지 않은데 잘 해냈어요,normal
아바타- 불과 재,시리즈의 정점이라는 말이 과장이 아니라고 느꼈습니다,시리즈의 정점이라는 말이 과장이 아니라고 느꼈습니다,normal
아바타- 불과 재,"찢었다…….
모든 서사가 완벽했음",찢었다 모든 서사가 완벽했음,normal
아바타- 불과 재,액션과 감정의 균형이 잘 맞는 편입니다,액션과 감정의 균형이 잘 맞는 편입니다,normal
아바타- 불과 재,2랑 차이점이 안 보이는데 상영시간만 길어서... 심지어 3d라 가격도 역대급.,2랑 차이점이 안 보이는데 상영시간만 길어서 심지어 3d라 가격도 역대급,normal
아바타- 불과 재,아주 재미있게 봤습니다,아주 재미있게 봤습니다,positive
아바타- 불과 재,"압도적인 화려한 영상이 여전한 아바타3!
재미있어요",압도적인 화려한 영상이 여전한 아바타3 재미있어요,positive
아바타- 불과 재,집중만 하면 생각보다 잘 따라갈 수 있어요,집중만 하면 생각보다 잘 따라갈 수 있어요,normal
아바타- 불과 재,너무 재미있게 잘봤습니다~~,너무 재미있게 잘봤습니다,positive
아바타- 불과 재,무조건  4DX강추!!! 엄청난 스케일에  몰입해서 잼나게 힐링했어요~~^^  또 봐야겠어요~꼭 보세요~,무조건  4DX강추 엄청난 스케일에  몰입해서 잼나게 힐링했어요  또 봐야겠어요꼭 보세요,positive
아바타- 불과 재,4DX로 보니더실감나고재밌어요,4DX로 보니더실감나고재밌어요,positive
아바타- 불과 재,영화관에서 보시면 진짜 몰입감 최고에요!!!,영화관에서 보시면 진짜 몰입감 최고에요,positive
아바타- 불과 재,"무조건 큰 화면에서 보세요 근데 4dx관 2D도 풀어주길.. 
3D 안경이 영상미를 매우 망침",무조건 큰 화면에서 보세요 근데 4dx관 2D도 풀어주길  3D 안경이 영상미를 매우 망침,normal
아바타- 불과 재,전쟁 영화인데도 인간 이야기가 중심에 있어서 좋았어요!,전쟁 영화인데도 인간 이야기가 중심에 있어서 좋았어요,normal
아바타- 불과 재,3도 재밌는 영화 4도 얼른 나오길,3도 재밌는 영화 4도 얼른 나오길,positive
아바타- 불과 재,희생이라는 단어가 계속 머릿속에 맴돌았습니다,희생이라는 단어가 계속 머릿속에 맴돌았습니다,normal
아바타- 불과 재,스토리적으로 반복되는 느낌이 있으나 그러면 어떠리...,스토리적으로 반복되는 느낌이 있으나 그러면 어떠리,normal
아바타- 불과 재,볼거리 많고 시간에 비해 덜힘든건 맞으나...오징어 회가 막고 싶네,볼거리 많고 시간에 비해 덜힘든건 맞으나오징어 회가 막고 싶네,normal
아바타- 불과 재,아바타는 시간과 돈이. 아깝지 않네요.3시간 넘는데  순삭이에요. 되도록 4d로 보세요.놀이공윈에 온거깉아요.  대단한 영화에요.,아바타는 시간과 돈이 아깝지 않네요3시간 넘는데  순삭이에요 되도록 4d로 보세요놀이공윈에 온거깉아요  대단한 영화에요,normal
아바타- 불과 재,그래서 감정적으로도 더 힘이 있었어요,그래서 감정적으로도 더 힘이 있었어요,normal
아바타- 불과 재,"전설아니냐?
아바타2보다더좋았다
이런미친영상미는
아바타만가능하다오직아바타만",전설아니냐 아바타2보다더좋았다 이런미친영상미는 아바타만가능하다오직아바타만,normal
아바타- 불과 재,"아바타는 안 볼 수 없죠.
4, 5편은 언제 나올까요...?",아바타는 안 볼 수 없죠 4 5편은 언제 나올까요,normal
아바타- 불과 재,전투 장면들이 많아서 더 강하게 다가옵니다ㅎㅎ,전투 장면들이 많아서 더 강하게 다가옵니다ㅎㅎ,normal
아바타- 불과 재,잘봤습니다 잘봤습니다,잘봤습니다 잘봤습니다,normal
아바타- 불과 재,세시간이  넘는 러닝타임이 짧게 느껴질정도로 재미났어요.,세시간이  넘는 러닝타임이 짧게 느껴질정도로 재미났어요,positive
아바타- 불과 재,내용은 그리신선하진 안지만 4DX에서봐서 실감 많이나고 재미있었어요  후세들리 이끌어가는 이야기가 더 기대되네요 보고나니 균형감은 없어 50대인전 좀 힘듬 4DX 몇년전보다 기술발달로 아주좋으네요,내용은 그리신선하진 안지만 4DX에서봐서 실감 많이나고 재미있었어요  후세들리 이끌어가는 이야기가 더 기대되네요 보고나니 균형감은 없어 50대인전 좀 힘듬 4DX 몇년전보다 기술발달로 아주좋으네요,positive
아바타- 불과 재,이번 편은 그 메시지가 더 직접적으로 느껴졌어요,이번 편은 그 메시지가 더 직접적으로 느껴졌어요,normal
아바타- 불과 재,상영시간이 길었지만 그래도 재미있게 잘 봤습니다,상영시간이 길었지만 그래도 재미있게 잘 봤습니다,positive
아바타- 불과 재,자연과 인간에 대한 이야기 여전히 유효하네요,자연과 인간에 대한 이야기 여전히 유효하네요,normal
아바타- 불과 재,제임스카메론몽키보이,제임스카메론몽키보이,normal
아바타- 불과 재,메시지가 생각보다 묵직하게 다가왔습니다,메시지가 생각보다 묵직하게 다가왔습니다,normal
아바타- 불과 재,보고 나서 생각할 게 남는 작품이에요,보고 나서 생각할 게 남는 작품이에요,normal
아바타- 불과 재,"정말 몰입해서 봤어요 
아바타는 꼭 3D로 보시길 추천드려요",정말 몰입해서 봤어요  아바타는 꼭 3D로 보시길 추천드려요,positive
아바타- 불과 재,실망없는 시리즈입니다.,실망없는 시리즈입니다,negative
주토피아 2,"닉&#주디의 조합은 말해뭐해~~
다음편 언제 나오려나요~😁",닉주디의 조합은 말해뭐해 다음편 언제 나오려나요,normal
주토피아 2,별로입니다 별로입니다,별로입니다 별로입니다,negative
주토피아 2,오마주들이나 깨알같은 이스트에그가 소소한 재미를 주네요!!,오마주들이나 깨알같은 이스트에그가 소소한 재미를 주네요,positive
주토피아 2,1편과 같은 재미가 있었고 스토리도 감동적이고 좋았습니다.,1편과 같은 재미가 있었고 스토리도 감동적이고 좋았습니다,positive
주토피아 2,오랜만에 영화 봤는데 깨알 이스터에그들이 아는 게 많이 나와서 재밌고 스토리도 이어지면서 시작되는데 역시 디즈니 재밌네요,오랜만에 영화 봤는데 깨알 이스터에그들이 아는 게 많이 나와서 재밌고 스토리도 이어지면서 시작되는데 역시 디즈니 재밌네요,positive
주토피아 2,친구들과재미있는관람이였어요,친구들과재미있는관람이였어요,positive
주토피아 2,아이와 재밌게 잘 봤습니다~~^^,아이와 재밌게 잘 봤습니다,positive
주토피아 2,#주디와 닉이 각자 중요시하고 있는 것이 다르다는게 인상깊었음.,주디와 닉이 각자 중요시하고 있는 것이 다르다는게 인상깊었음,normal
주토피아 2,다양한 동물들이 나와서 넘 귀여웠어요! 닉#주디 사랑스럽네요!,다양한 동물들이 나와서 넘 귀여웠어요 닉주디 사랑스럽네요,normal
주토피아 2,전개가 너무빨라서 개연성이 없다는 느낌이 강했습니다.,전개가 너무빨라서 개연성이 없다는 느낌이 강했습니다,normal
주토피아 2,마지막 와일드와 닉의 속마음 대화는 정말정말 기억에 남을 거 같다.. 흥분해서 서로 얘기하려는. 모습이 너무 귀여웠다 그리고 시즌 1보다 좀더 세계관이 넓어진 느낌이라 모두의 입장을 들어볼 수 있어서 좋다,마지막 와일드와 닉의 속마음 대화는 정말정말 기억에 남을 거 같다 흥분해서 서로 얘기하려는 모습이 너무 귀여웠다 그리고 시즌 1보다 좀더 세계관이 넓어진 느낌이라 모두의 입장을 들어볼 수 있어서 좋다,normal
주토피아 2,잘봤어요. 재밌게 봤습니다.,잘봤어요 재밌게 봤습니다,positive
주토피아 2,잘봤어요. 재밌게 봤습니다.,잘봤어요 재밌게 봤습니다,positive
주토피아 2,와이프랑 재미나게 봤어요~^^,와이프랑 재미나게 봤어요,positive
주토피아 2,#주토피아는 영원하다… 재미가없을수없음,주토피아는 영원하다 재미가없을수없음,positive
주토피아 2,#주디와 닉 그리고 친구들 넘 귀여워요~,주디와 닉 그리고 친구들 넘 귀여워요,normal
주토피아 2,"닉과 #주디가 서로를 너무 사랑해,,",닉과 주디가 서로를 너무 사랑해,normal
주토피아 2,주토피라 세계관이 매력적이다.,주토피라 세계관이 매력적이다,normal
주토피아 2,훌륭한 아이피의 멋진 귀환!,훌륭한 아이피의 멋진 귀환,positive
주토피아 2,시즌3 어서나와라아,시즌3 어서나와라아,normal
주토피아 2,이거 사랑이다.. 3편 영원히 기다릴게,이거 사랑이다 3편 영원히 기다릴게,normal
주토피아 2,1보다 더 재미있고 따뜻하게 잘 봤습니당,1보다 더 재미있고 따뜻하게 잘 봤습니당,positive
주토피아 2,너무너무 사랑스러운,너무너무 사랑스러운,normal
주토피아 2,2번이나 봤는데 지루하지않고 너무 재밌어요,2번이나 봤는데 지루하지않고 너무 재밌어요,normal
주토피아 2,#주토피아1보다 2가 더 의미가 있고 즐거웠어요!,주토피아1보다 2가 더 의미가 있고 즐거웠어요,normal
주토피아 2,웃고 싶을 때 마음 편히 웃을 수 있는 영화,웃고 싶을 때 마음 편히 웃을 수 있는 영화,normal
주토피아 2,말로는 다 표현할 수 없을 만큼 재밌고 연출이 뛰어납니다,말로는 다 표현할 수 없을 만큼 재밌고 연출이 뛰어납니다,positive
주토피아 2,재미있게봤습니다 다음편 기다려지네요,재미있게봤습니다 다음편 기다려지네요,positive
주토피아 2,"겁나게 재밋어뷰르여요
재밋지어라",겁나게 재밋어뷰르여요 재밋지어라,normal
주토피아 2,캐릭터가 인간이 아니라 동물이라서 좋음. 인간 캐릭터는 예쁘거나 잘생긴 캐릭터 아니면 흥미 안 가는데 캐릭터가 다 동물이다보니 등장동물 한 마리 한 마리 다 귀엽고 너무 사랑스러움..,캐릭터가 인간이 아니라 동물이라서 좋음 인간 캐릭터는 예쁘거나 잘생긴 캐릭터 아니면 흥미 안 가는데 캐릭터가 다 동물이다보니 등장동물 한 마리 한 마리 다 귀엽고 너무 사랑스러움,normal
주토피아 2,잼있게 봤습니다 ost도 좋아요,잼있게 봤습니다 ost도 좋아요,normal
주토피아 2,하 이 말로 설명할 수 없는 이 설렘ㅜ 이게 어떻게 사랑이 아니라 우정이냐....상담사가 떼로 필요함,하 이 말로 설명할 수 없는 이 설렘 이게 어떻게 사랑이 아니라 우정이냐상담사가 떼로 필요함,normal
주토피아 2,재미있고 감동있고 좋은영화입니다!!,재미있고 감동있고 좋은영화입니다,positive
주토피아 2,"재미있었어요!!
아이들이랑 보기 좋을것같아여",재미있었어요 아이들이랑 보기 좋을것같아여,positive
주토피아 2,잘 봤습니다. 중간에 살짝 루즈하지만 팝콘무비로서는 괜찮았네요.,잘 봤습니다 중간에 살짝 루즈하지만 팝콘무비로서는 괜찮았네요,normal
주토피아 2,보는 내내 행복하고 포근한 기분,보는 내내 행복하고 포근한 기분,normal
주토피아 2,잘봤습니다 굳굳굳 ㅎ ㅎ,잘봤습니다 굳굳굳 ㅎ ㅎ,normal
주토피아 2,"#주토피아 2 나오는 걸 기다렸는데 드디어!!
 1보다 2가 실망스러운 경우가 많아서 큰 기대를 하진 않았는데 1보다 더 재미있게 보고 왔습니다😽❤️",주토피아 2 나오는 걸 기다렸는데 드디어  1보다 2가 실망스러운 경우가 많아서 큰 기대를 하진 않았는데 1보다 더 재미있게 보고 왔습니다,normal
주토피아 2,서로 다름을 알고 공존하는 배려를 일깨워가는 마음을 알려주는 영화 굿 상상력 도 멋지네요,서로 다름을 알고 공존하는 배려를 일깨워가는 마음을 알려주는 영화 굿 상상력 도 멋지네요,positive
주토피아 2,유쾌하게 즐기고 갑니다,유쾌하게 즐기고 갑니다,normal
주토피아 2,유쾌하게 잘 봤습니다,유쾌하게 잘 봤습니다,normal
주토피아 2,"오랜만에 재미있는 에니메이션을 본 것 같다. 1편과 연결이 되는 스토리에 반가운 느낌도 들었고, 두 주인공의 우정과 사건을 해결해 가는 스토리가 재미있었다",오랜만에 재미있는 에니메이션을 본 것 같다 1편과 연결이 되는 스토리에 반가운 느낌도 들었고 두 주인공의 우정과 사건을 해결해 가는 스토리가 재미있었다,positive
주토피아 2,너무 쟈밌다 또 어케 기다려요ㅠㅠ,너무 쟈밌다 또 어케 기다려요,normal
주토피아 2,연출이 너무 좋고 스토리도 너무 좋았어요!! #주디 닉 너무 귀여워용!! 저는 더빙으로 봤는 데 정말 성우분들 미쳤습니다!! 야무져요 덕분에 즐거운 시간되었습니다:),연출이 너무 좋고 스토리도 너무 좋았어요 주디 닉 너무 귀여워용 저는 더빙으로 봤는 데 정말 성우분들 미쳤습니다 야무져요 덕분에 즐거운 시간되었습니다,normal
주토피아 2,진짜 재밋네용. 포토플레이 뽑을 생각은 없었는데 #게리가 너무 귀여워서 뽑았어요. 잘봤슴다💙,진짜 재밋네용 포토플레이 뽑을 생각은 없었는데 게리가 너무 귀여워서 뽑았어요 잘봤슴다,normal
주토피아 2,"너무 재밌어었어요
1편 못보고 관람 했는데 
스토리 좋고 감동도 있던 
ost도 따라부르게 되는 !!",너무 재밌어었어요 1편 못보고 관람 했는데  스토리 좋고 감동도 있던  ost도 따라부르게 되는 ,positive
주토피아 2,나무 늘보 역시 한방이 있네요.,나무 늘보 역시 한방이 있네요,normal
주토피아 2,#주토피아는 언제나 재미있네요,주토피아는 언제나 재미있네요,positive
주토피아 2,너무 재미있었어요 또 보고싶어요,너무 재미있었어요 또 보고싶어요,positive
주토피아 2,#주토피아 1 보고 봤으면 더 재밌을것 같아요! 하지만 그냥 투 먼저 보셔서도 내용이 나름 이해갈거고 재밌게 볼 수 있을 것 같아요!!,주토피아 1 보고 봤으면 더 재밌을것 같아요 하지만 그냥 투 먼저 보셔서도 내용이 나름 이해갈거고 재밌게 볼 수 있을 것 같아요,positive
주토피아 2,스위트관에서 아내와 봤습니다. 일단 스위트관 자체가 넘 좋았어요. #주토피아1은 연인 때 봤는데 2는 부부가 돼서 보네요. 감회가 새롭고 2도 1 못지 않게 유쾌했어요. 영상미가 대박이고 좋았습니다.,스위트관에서 아내와 봤습니다 일단 스위트관 자체가 넘 좋았어요 주토피아1은 연인 때 봤는데 2는 부부가 돼서 보네요 감회가 새롭고 2도 1 못지 않게 유쾌했어요 영상미가 대박이고 좋았습니다,positive
주토피아 2,잼있어요 꼭 보세요,잼있어요 꼭 보세요,normal
주토피아 2,닉의 진심을 담은 고백 장면에서 참을 수 없던 눈의 땀,닉의 진심을 담은 고백 장면에서 참을 수 없던 눈의 땀,normal
주토피아 2,영화를 재밌게 봤습니다~!,영화를 재밌게 봤습니다,positive
주토피아 2,상영 시작하자마자 보고 싶었는데 시험 기간이라 못 보다가 오늘 딱 끝나서 바로 보고 왔어요!! 기대한 것만큼 재미있게 보고 왔습니다!!,상영 시작하자마자 보고 싶었는데 시험 기간이라 못 보다가 오늘 딱 끝나서 바로 보고 왔어요 기대한 것만큼 재미있게 보고 왔습니다,positive
주토피아 2,완전 재미있는 영화!!!,완전 재미있는 영화,positive
주토피아 2,닉이랑 포버트가 너무 귀엽고 귀여워요,닉이랑 포버트가 너무 귀엽고 귀여워요,normal
주토피아 2,아이랑 재미있게 봤어요❤️,아이랑 재미있게 봤어요,positive
주토피아 2,"예고편만 보고 내가 상상했던 악역이랑 실제 악역이 다르고, 반전이 1기 뺨침! 닉#주디 케미는 말할거 없고, 주역 신캐도 귀여움 ㅎㅎㅎ 기대했던 영화라 재밌게 봤습니다 ㅎ",예고편만 보고 내가 상상했던 악역이랑 실제 악역이 다르고 반전이 1기 뺨침 닉주디 케미는 말할거 없고 주역 신캐도 귀여움 ㅎㅎㅎ 기대했던 영화라 재밌게 봤습니다 ㅎ,positive
주토피아 2,"역시 #주토피아는 믿을만 하네요
볼것없어서 극장에 갈일이 없었는데
간만에 즐겁게 잘봤습니다",역시 주토피아는 믿을만 하네요 볼것없어서 극장에 갈일이 없었는데 간만에 즐겁게 잘봤습니다,normal
주토피아 2,"#주토피아1의 특유의 상상력 사라지지 않아, 재미있게 봤습니다.",주토피아1의 특유의 상상력 사라지지 않아 재미있게 봤습니다,positive
주토피아 2,뱀이 나쁜애일까봐 조마조마했음 다행,뱀이 나쁜애일까봐 조마조마했음 다행,normal
주토피아 2,진짜.. 닉#주디 영원해..,진짜 닉주디 영원해,normal
주토피아 2,상상력과 생각하기좋은영화에요   하면안되지마 꼭 필요한 순간에 해야 한다 자기중심적인 생각    파트너 배력심,상상력과 생각하기좋은영화에요   하면안되지마 꼭 필요한 순간에 해야 한다 자기중심적인 생각    파트너 배력심,normal
주토피아 2,#주토피아2 #주토피아3 #주토피아4,주토피아2 주토피아3 주토피아4,normal
주토피아 2,"역시 기대를 저버리지 않는 시리즈
강추",역시 기대를 저버리지 않는 시리즈 강추,normal
주토피아 2,재미있어요!!!!^^*,재미있어요,positive
주토피아 2,"보길 잘했다 하네요.
더빙 자막 둘다 매력있다합니다",보길 잘했다 하네요 더빙 자막 둘다 매력있다합니다,normal
주토피아 2,"1도 안 본 사람,, 내 스타일은 아님. 뱀이 그나마 좋게 나온 영화",1도 안 본 사람 내 스타일은 아님 뱀이 그나마 좋게 나온 영화,normal
주토피아 2,닉 같은 남자 만나고싶어요,닉 같은 남자 만나고싶어요,normal
주토피아 2,너무 재밌자낭~ 토끼랑 여우도 귀엽..,너무 재밌자낭 토끼랑 여우도 귀엽,positive
주토피아 2,1편보다 아쉽다는 평이 있는데 지금 디즈니 기준으로는 제일 재밌음,1편보다 아쉽다는 평이 있는데 지금 디즈니 기준으로는 제일 재밌음,normal
주토피아 2,꽤나 잘 뽑힌 후속작,꽤나 잘 뽑힌 후속작,normal
주토피아 2,디즈니 속편이 더 재밌는거 처음 봄,디즈니 속편이 더 재밌는거 처음 봄,positive
주토피아 2,아이들이 보기에 너무 좋네요!,아이들이 보기에 너무 좋네요,normal
주토피아 2,귀여운 캐릭터들이 많습니다. 노래도 좋네요.,귀여운 캐릭터들이 많습니다 노래도 좋네요,normal
주토피아 2,와이프는 좋았다는데 애니메이션이 불호인 저는 1편도 2편도 다 보다 잠들었네요ㅠ,와이프는 좋았다는데 애니메이션이 불호인 저는 1편도 2편도 다 보다 잠들었네요,normal
주토피아 2,#주토피아 재밌었어요.,주토피아 재밌었어요,positive
주토피아 2,재밌었음 닉 더빙성우는 느끼느끼 ㅋㅋ,재밌었음 닉 더빙성우는 느끼느끼 ㅋㅋ,positive
주토피아 2,"아이랑 즐겁게 봤어요
볼만해요",아이랑 즐겁게 봤어요 볼만해요,normal
주토피아 2,좋았어요 좋았어요 좋았어요,좋았어요 좋았어요 좋았어요,normal
주토피아 2,지금 4번째 보는데 안질립니다,지금 4번째 보는데 안질립니다,normal
주토피아 2,닉… 정말 저의 이상형이 되었어요❤️❤️ 진짜 찐사랑 ㅜㅜ,닉 정말 저의 이상형이 되었어요 진짜 찐사랑 ,normal
주토피아 2,즐겁게 잘 봤어요.,즐겁게 잘 봤어요,normal
주토피아 2,재미있네요..  스토리가 약하긴 하네요.,재미있네요  스토리가 약하긴 하네요,positive
주토피아 2,그냥저냥재밌게봤어요~~!!,그냥저냥재밌게봤어요,positive
주토피아 2,znxnxoanznkzn,znxnxoanznkzn,normal
주토피아 2,"별 기대 안 하고 갔는데 메시지가 좋았다.
집단 사이에서 발생하는 차별과 갈등에 대해 생각해볼 수 있었다. 웃긴 포인트도 많아서 가볍게 보기도 좋다.",별 기대 안 하고 갔는데 메시지가 좋았다 집단 사이에서 발생하는 차별과 갈등에 대해 생각해볼 수 있었다 웃긴 포인트도 많아서 가볍게 보기도 좋다,normal
주토피아 2,재미있었고요좋았어요,재미있었고요좋았어요,positive
주토피아 2,재미있게 잘 보았습니다.,재미있게 잘 보았습니다,positive
주토피아 2,재미있었으나 1편보다는 아쉬움,재미있었으나 1편보다는 아쉬움,positive
주토피아 2,너무 재밌어욥 꼭 한번 보세욥!!,너무 재밌어욥 꼭 한번 보세욥,positive
주토피아 2,가족들과 함께 관람했어요..대사가 빠르고 많아 더빙으로 보길 잘했네요..자막에 신경쓰지 않으니 세부적인 동물묘사가 더 눈에 들어와 잘 보았네요(실수로 더빙 예매한게 신의한수 ㅋ),가족들과 함께 관람했어요대사가 빠르고 많아 더빙으로 보길 잘했네요자막에 신경쓰지 않으니 세부적인 동물묘사가 더 눈에 들어와 잘 보았네요실수로 더빙 예매한게 신의한수 ㅋ,normal
주토피아 2,대구역대버스937,대구역대버스937,normal
주토피아 2,귀여움 노래가 좋음,귀여움 노래가 좋음,normal
주토피아 2,"내내 기다렸는데 
기대만은 못해 아쉬웠어요 
중간에 졸다니 ㅜㅜ 
인생에 딱 두번이었습니다
재미가 없는건 아닌데 스토리가 진부해서 몰입이 어려웠어요 
영상미 훌륭하고 음악 좋음",내내 기다렸는데  기대만은 못해 아쉬웠어요  중간에 졸다니   인생에 딱 두번이었습니다 재미가 없는건 아닌데 스토리가 진부해서 몰입이 어려웠어요  영상미 훌륭하고 음악 좋음,positive
주토피아 2,역시 1을 뛰어넘긴 힘들지만 귀여운 동물들의 이야기,역시 1을 뛰어넘긴 힘들지만 귀여운 동물들의 이야기,normal
주토피아 2,"메시지가 좋고, 소소한 웃음 포인트가 많았다.",메시지가 좋고 소소한 웃음 포인트가 많았다,normal
주토피아 2,너무 재미있었는데 둘이 연애 좀 해줘!! 😭😭,너무 재미있었는데 둘이 연애 좀 해줘 ,positive
주토피아 2,"닉 #주디가 사랑을 해....
주미새
#주디에미친여우",닉 주디가 사랑을 해 주미새 주디에미친여우,normal
주토피아 2,디즈니스러운 유쾌함,디즈니스러운 유쾌함,normal
주토피아 2,#주토피아 넘 재밌주,주토피아 넘 재밌주,positive
주토피아 2,#주디의 민폐력은 상승했지만ㅋㅋ 캐릭터들이 모두 너무 귀엽네요,주디의 민폐력은 상승했지만ㅋㅋ 캐릭터들이 모두 너무 귀엽네요,normal
주토피아 2,기대보다 더 재밌었어요,기대보다 더 재밌었어요,positive
주토피아 2,너무 사랑스러운 시리즈💕💕,너무 사랑스러운 시리즈,normal
주토피아 2,재미있게 잘 봤습니다.,재미있게 잘 봤습니다,positive
주토피아 2,3편 기대하겠습니다,3편 기대하겠습니다,normal
주토피아 2,좋아요 너무 재미나게 봣내요,좋아요 너무 재미나게 봣내요,positive
주토피아 2,"#주토피아2 개봉하자마자 보러갔었는데 재미있었고
그 때는 자막 본거라 더빙으로 다시 보고 싶어요….
(돈 생기면 달려갈겁니다🔥)",주토피아2 개봉하자마자 보러갔었는데 재미있었고 그 때는 자막 본거라 더빙으로 다시 보고 싶어요 돈 생기면 달려갈겁니다,positive
주토피아 2,"스토리가 뻔하지 않고 몰입감이 높아서 지루할 틈이 없었네요
노래도 좋았어요",스토리가 뻔하지 않고 몰입감이 높아서 지루할 틈이 없었네요 노래도 좋았어요,normal
주토피아 2,너무 재밌어서 2번 봤어요 !!,너무 재밌어서 2번 봤어요 ,positive
주토피아 2,아진짜너무너무너무꿀잼,아진짜너무너무너무꿀잼,normal
주토피아 2,역시 #주토피아 입니다. 믿고 보는 #주토피아,역시 주토피아 입니다 믿고 보는 주토피아,normal
주토피아 2,닉#주디가 너무 사랑스러워요,닉주디가 너무 사랑스러워요,normal
주토피아 2,1편에 이어 금번 2편도 재미있네요,1편에 이어 금번 2편도 재미있네요,positive
주토피아 2,1편보다 더 재미있게 봤어요.가족들이랑 같이 보세요,1편보다 더 재미있게 봤어요가족들이랑 같이 보세요,positive
주토피아 2,친구랑 너무 재밌게 봤어요!,친구랑 너무 재밌게 봤어요,positive
주토피아 2,1편과 마찬가지로 유쾌하고 재밌어요.,1편과 마찬가지로 유쾌하고 재밌어요,positive
주토피아 2,전작을 맛있게 계승한 속편.,전작을 맛있게 계승한 속편,normal
주토피아 2,3언제나오나요?? 얼른주세요 얼른,3언제나오나요 얼른주세요 얼른,normal
주토피아 2,"#주토피아1을 보지 않았지만 그래도 이해가능한 스토리로 재미있게 지인들과 좋은 시간을 보내고 왔습니다.
주변 사람들에게도 추천할 스토리로 시즌3 기대가 됩니다.",주토피아1을 보지 않았지만 그래도 이해가능한 스토리로 재미있게 지인들과 좋은 시간을 보내고 왔습니다 주변 사람들에게도 추천할 스토리로 시즌3 기대가 됩니다,positive
주토피아 2,재미있어요 #주토피아 굿,재미있어요 주토피아 굿,positive
주토피아 2,저게 사랑이 아니면 뭐겠어..,저게 사랑이 아니면 뭐겠어,normal
주토피아 2,영화가 넘 재밌어요  아이들과 잘 봣어요,영화가 넘 재밌어요  아이들과 잘 봣어요,positive
주토피아 2,재밌었서영 꼭 와서 보세여,재밌었서영 꼭 와서 보세여,positive
주토피아 2,잘만들긴했으나 가볍고 시시합니다,잘만들긴했으나 가볍고 시시합니다,normal
주토피아 2,영화재밌게 잘 봣어요 몰입해서,영화재밌게 잘 봣어요 몰입해서,positive
주토피아 2,그저 즐겁게 볼 수 있었습니다! 사랑스러운 캐릭터들,그저 즐겁게 볼 수 있었습니다 사랑스러운 캐릭터들,normal
주토피아 2,넘 재밌게 잘 봣어요 몰입해서,넘 재밌게 잘 봣어요 몰입해서,positive
주토피아 2,밌다~ 밌다   재밌다요,밌다 밌다   재밌다요,positive
주토피아 2,이래도 안 사귄다고?,이래도 안 사귄다고,normal
주토피아 2,유쾌한 가족영화느낌이었습니다,유쾌한 가족영화느낌이었습니다,normal
주토피아 2,일편보다 재미있게 봤습니다.,일편보다 재미있게 봤습니다,positive
주토피아 2,중간 중간 나오는 유쾌함이 재밌었습니다,중간 중간 나오는 유쾌함이 재밌었습니다,positive
주토피아 2,1편에 이은 유쾌한 상상에 풍자를 더한 문제적 사회 비평영화. 애니메이션이 보여줄 수 있는 모든걸 보여준 어른아이 모두 볼수 있는 아름답고 재미있는 이야기. 그래 3편 가자!!,1편에 이은 유쾌한 상상에 풍자를 더한 문제적 사회 비평영화 애니메이션이 보여줄 수 있는 모든걸 보여준 어른아이 모두 볼수 있는 아름답고 재미있는 이야기 그래 3편 가자,positive
주토피아 2,감정선 따라 가기는 조금 어려움이 있었습니다. 조금 더 서사와 우연이 아닌 개연성도 나왔으면 좋겠다고 생각합니다. 물론 영상미는 당연하게도 실망시키지 않았습니다.,감정선 따라 가기는 조금 어려움이 있었습니다 조금 더 서사와 우연이 아닌 개연성도 나왔으면 좋겠다고 생각합니다 물론 영상미는 당연하게도 실망시키지 않았습니다,negative
주토피아 2,"재미있네요.
오랜만에 극장가서 즐겁게 관람하고 돌아왔습니다.
닉과 #주디의 케미가 좋네요.",재미있네요 오랜만에 극장가서 즐겁게 관람하고 돌아왔습니다 닉과 주디의 케미가 좋네요,positive
주토피아 2,역시 믿고보는 #주토피아에요 재밌어요!,역시 믿고보는 주토피아에요 재밌어요,positive
주토피아 2,즐겁게 봤어요.다음 편도 기대중.,즐겁게 봤어요다음 편도 기대중,normal
주토피아 2,잼있어요... 1편을 봐서 그런가 신선함은 좀 약했지만.... 2편만 놓고 본다면 확실히 잘 만들었음,잼있어요 1편을 봐서 그런가 신선함은 좀 약했지만 2편만 놓고 본다면 확실히 잘 만들었음,normal
주토피아 2,너무 시간이 빨리감 정신없이. 지겹지도 신파도 없어서 좋았음,너무 시간이 빨리감 정신없이 지겹지도 신파도 없어서 좋았음,normal
주토피아 2,너무 감동있고 재밌어요,너무 감동있고 재밌어요,positive
주토피아 2,아이랑 가서 재밌게 보았습니다,아이랑 가서 재밌게 보았습니다,positive
주토피아 2,재미있게 봤습니다!!!!,재미있게 봤습니다,positive
주토피아 2,재미있게 보았습니다 ~,재미있게 보았습니다 ,positive
주토피아 2,귀엽고 재미있어요!!,귀엽고 재미있어요,positive
주토피아 2,1이 더 재밌지만 그레도 좋음,1이 더 재밌지만 그레도 좋음,positive
주토피아 2,재미없게 관람했습니다.!,재미없게 관람했습니다,positive
주토피아 2,"잘만들었음
1도 잘만들어뒀는데 2도 잘만듬 주황색 개가 많이 순딩한거같아요",잘만들었음 1도 잘만들어뒀는데 2도 잘만듬 주황색 개가 많이 순딩한거같아요,normal
주토피아 2,귀여운 맛에 봤어용,귀여운 맛에 봤어용,normal
주토피아 2,재밌게 잘 봤습니다 !!,재밌게 잘 봤습니다 ,positive
주토피아 2,6세 아이랑 같이 재미있게 봤어요.,6세 아이랑 같이 재미있게 봤어요,positive
주토피아 2,연말 선물같은 영화 크리스마스에 보면 진짜 선물같고 좋을 것 같아서 다시 예매함💗,연말 선물같은 영화 크리스마스에 보면 진짜 선물같고 좋을 것 같아서 다시 예매함,normal
주토피아 2,재미있게 잘 보고왔어요.,재미있게 잘 보고왔어요,positive
주토피아 2,좋은데요? 좋은데요?,좋은데요 좋은데요,normal
주토피아 2,"진짜 재밌어요 #흥미진진하고 캐릭터도 개성넘치고 자막 버전으로 봐도 재미있었는데, 더빙도 궁금해서 또 볼 거 같슴니다 굿",진짜 재밌어요 흥미진진하고 캐릭터도 개성넘치고 자막 버전으로 봐도 재미있었는데 더빙도 궁금해서 또 볼 거 같슴니다 굿,positive
주토피아 2,#주토피아2가 드디어 나왔다고해서 봤는데 역시나 너무 닉이 귀엽고 설레게 하네요 잘봤습니다,주토피아2가 드디어 나왔다고해서 봤는데 역시나 너무 닉이 귀엽고 설레게 하네요 잘봤습니다,normal
주토피아 2,기대가 너무 컸나 ㅎㅎㅎ,기대가 너무 컸나 ㅎㅎㅎ,normal
주토피아 2,이상한 경찰 #주디주,이상한 경찰 주디주,normal
주토피아 2,"재밌어요 한 킬링타임용으로 좋은듯
애니메이션 좋아하는 사람들은 너무 좋아할듯
 다회차 관람 포인트들도 많아요",재밌어요 한 킬링타임용으로 좋은듯 애니메이션 좋아하는 사람들은 너무 좋아할듯  다회차 관람 포인트들도 많아요,positive
주토피아 2,귀에 익숙한 성우분들이 정말 많았고 무엇보다 닉과 #주디의 관계는 절대 우정이 아닐거야...,귀에 익숙한 성우분들이 정말 많았고 무엇보다 닉과 주디의 관계는 절대 우정이 아닐거야,normal
주토피아 2,동물계를 빗대어 우리 관람객들에게 전달하고 싶었던 감독의 메세지를 1번으로 부족해서 재관람하려고 합니다,동물계를 빗대어 우리 관람객들에게 전달하고 싶었던 감독의 메세지를 1번으로 부족해서 재관람하려고 합니다,normal
주토피아 2,재밌게봤습니다 #주토피아2,재밌게봤습니다 주토피아2,positive
주토피아 2,무난하게 보기 좋았어요 가족영화로도 좋고 데이트영화로도 좋아요,무난하게 보기 좋았어요 가족영화로도 좋고 데이트영화로도 좋아요,normal
주토피아 2,종의 다름으로 한층 더 나아간 업그레이드 #주토피아,종의 다름으로 한층 더 나아간 업그레이드 주토피아,normal
주토피아 2,1편보다 더 재밌었어요,1편보다 더 재밌었어요,positive
주토피아 2,즐겁게 잘 봤습니다!,즐겁게 잘 봤습니다,normal
주토피아 2,아이들이랑 재밌게 잘 봤어요💛,아이들이랑 재밌게 잘 봤어요,positive
주토피아 2,잘 보았습니다~~~!,잘 보았습니다,normal
주토피아 2,잘 보았습니다~~~!,잘 보았습니다,normal
주토피아 2,매력적인 캐릭터들과 세계관이 어우러져서 좋았다,매력적인 캐릭터들과 세계관이 어우러져서 좋았다,normal
주토피아 2,역시나 최고예요 보는 눈도 즐거웠습니다,역시나 최고예요 보는 눈도 즐거웠습니다,positive
주토피아 2,울퉁불퉁 콤비의 좌충우돌 사건 해결기....뻔한 시놉에 뻔한 스토리 전개...그냥 전형적인 후속작...아이들과 그냥 즐겁게 볼 작품,울퉁불퉁 콤비의 좌충우돌 사건 해결기뻔한 시놉에 뻔한 스토리 전개그냥 전형적인 후속작아이들과 그냥 즐겁게 볼 작품,normal
주토피아 2,유쾌하고 귀엽고 감동포인트까지 있어서 재밌게봤습니다😀,유쾌하고 귀엽고 감동포인트까지 있어서 재밌게봤습니다,positive
주토피아 2,유쾌하고 귀여웠어요,유쾌하고 귀여웠어요,normal
주토피아 2,너무 재밌어요 ㅎㅎ ~~ 역시 한국영화보다 애니메이션이 더 재밌는거 같아요 이렇게 재밌는 영화 또 보고 싶네요 다음작품도 기대할게요^^,너무 재밌어요 ㅎㅎ  역시 한국영화보다 애니메이션이 더 재밌는거 같아요 이렇게 재밌는 영화 또 보고 싶네요 다음작품도 기대할게요,positive
주토피아 2,"함께 사는 세상. 이 지구의 모든 생명체는 동등해야 하는데...
당연한 사실의 교훈",함께 사는 세상 이 지구의 모든 생명체는 동등해야 하는데 당연한 사실의 교훈,normal
주토피아 2,닉#주디 사랑햐....3편 기다린다,닉주디 사랑햐3편 기다린다,normal
주토피아 2,10년의 기다림은 헛되지 않았다,10년의 기다림은 헛되지 않았다,normal
주토피아 2,두번봐도 재밌네요!,두번봐도 재밌네요,positive
주토피아 2,역시 #주토피아 스토리도 좋고 ost도 너무 좋아요,역시 주토피아 스토리도 좋고 ost도 너무 좋아요,normal
주토피아 2,잼있었습니다 캐릭터들 너무 귀여워요,잼있었습니다 캐릭터들 너무 귀여워요,normal
주토피아 2,좋아요!! 스포당하고봐도 재밌었음,좋아요 스포당하고봐도 재밌었음,positive
주토피아 2,3편이 기대되는 2편이엇다,3편이 기대되는 2편이엇다,normal
주토피아 2,기다린 보람이 있었다. #주토피아 세상 영원하라!,기다린 보람이 있었다 주토피아 세상 영원하라,normal
주토피아 2,유쾌하고 즐거운 시간이었네요,유쾌하고 즐거운 시간이었네요,normal
주토피아 2,혼자가서 잼있게 보고왓어요,혼자가서 잼있게 보고왓어요,normal
주토피아 2,어지간한 어설픈 블록버스터보다 속도감도 빠르고 좋았다,어지간한 어설픈 블록버스터보다 속도감도 빠르고 좋았다,normal
주토피아 2,1편 2편 다 재미있다,1편 2편 다 재미있다,positive
주토피아 2,초반엔 좀 유치했는데 뒤에 감동 포인트가 잇어오,초반엔 좀 유치했는데 뒤에 감동 포인트가 잇어오,positive
주토피아 2,아이랑 같이 재밌게 잘 봤어요,아이랑 같이 재밌게 잘 봤어요,positive
주토피아 2,잘봤어요 잘봤어요 잘봤어요 잘봤어요 잘봤어요 잘봤어요,잘봤어요 잘봤어요 잘봤어요 잘봤어요 잘봤어요 잘봤어요,normal
주토피아 2,"재밌다!!
귀여운 닉#주디",재밌다 귀여운 닉주디,positive
주토피아 2,2025년 최고의 영화,2025년 최고의 영화,positive
주토피아 2,현실의 닉과 #주디가 고프다,현실의 닉과 주디가 고프다,normal
주토피아 2,모든 연령대분들이 즐길 수 있는 영화라고 생각합니다. 영화가 몰입력도 좋고 스토라 진행도 시원해서 좋았습니다. 마지막의 쿠키영상까지 보는 걸 추천드립니다,모든 연령대분들이 즐길 수 있는 영화라고 생각합니다 영화가 몰입력도 좋고 스토라 진행도 시원해서 좋았습니다 마지막의 쿠키영상까지 보는 걸 추천드립니다,positive
주토피아 2,"너무너무 재밌게 잘 봤어요~
감동과 재미를 한번에 느낄 수 있어서 행복했고 닉과 #주디가 끝내 이어져서 해삐해삐:)",너무너무 재밌게 잘 봤어요 감동과 재미를 한번에 느낄 수 있어서 행복했고 닉과 주디가 끝내 이어져서 해삐해삐,positive
주토피아 2,영화 재밌게 잘 봤어요,영화 재밌게 잘 봤어요,positive
주토피아 2,"쥬토피아 시리즈 1과 2  모두 만족해요
내용도 알차고 아이들과 보기 좋은 가족영화 추천해요",쥬토피아 시리즈 1과 2  모두 만족해요 내용도 알차고 아이들과 보기 좋은 가족영화 추천해요,positive
주토피아 2,"☆☆
내점수는 별2개...", 내점수는 별2개,normal
주토피아 2,"#주토피아 1의 매력적인 세계관을 확장한 속편. 등장인물(?)들이 매력적이나 입체적이지는 않은 것 같아 다소 아쉬움. 영상미와 ost가 좋고, 중간중간 나오는 개그 포인트도 재미있어서 좋았음",주토피아 1의 매력적인 세계관을 확장한 속편 등장인물들이 매력적이나 입체적이지는 않은 것 같아 다소 아쉬움 영상미와 ost가 좋고 중간중간 나오는 개그 포인트도 재미있어서 좋았음,positive
주토피아 2,1편보다 재밌었어요,1편보다 재밌었어요,positive
주토피아 2,1편만큼 재밌었어용,1편만큼 재밌었어용,positive
주토피아 2,"진짜 진짜  묻지만 직관,,,,
상상은 했지만 그 이상을 뛰어넘은듯,,,",진짜 진짜  묻지만 직관 상상은 했지만 그 이상을 뛰어넘은듯,normal
만약에 우리,#한국판라라랜드 보는느낌이었음 과몰입완료,한국판라라랜드 보는느낌이었음 과몰입완료,positive
만약에 우리,만약에우리 재밌었어요,만약에우리 재밌었어요,positive
만약에 우리,만약에우리 재밌었어요,만약에우리 재밌었어요,positive
만약에 우리,만약에우리 재밌었어요,만약에우리 재밌었어요,positive
만약에 우리,만약에우리 재밌었어요,만약에우리 재밌었어요,positive
만약에 우리,만약에우리 재밌었어요,만약에우리 재밌었어요,positive
만약에 우리,만약에우리 재밌었어요,만약에우리 재밌었어요,positive
만약에 우리,만약에우리 재밌었어요,만약에우리 재밌었어요,positive
만약에 우리,만약에우리 재밌었어요,만약에우리 재밌었어요,positive
만약에 우리,만약에우리 재밌었어요,만약에우리 재밌었어요,positive
만약에 우리,만약에우리 재밌었어요,만약에우리 재밌었어요,positive
만약에 우리,만약에우리  재밌었어요,만약에우리  재밌었어요,positive
만약에 우리,만약에우리  좋았어요.,만약에우리  좋았어요,normal
만약에 우리,만약에우리  재밌었어요,만약에우리  재밌었어요,positive
만약에 우리,만약에 우리가 만약은 아쉬운,만약에 우리가 만약은 아쉬운,normal
만약에 우리,애틋한 감정이 좀더 느껴지면 좋았을,애틋한 감정이 좀더 느껴지면 좋았을,normal
만약에 우리,만약에우리  재밌었어요,만약에우리  재밌었어요,positive
만약에 우리,우연히 만나 추억을 따라가는,우연히 만나 추억을 따라가는,normal
만약에 우리,과거의 연인을 우연히 만나면...,과거의 연인을 우연히 만나면,normal
만약에 우리,'만약에 우리~'라는 가정을 하게되는 영화,만약에 우리라는 가정을 하게되는 영화,normal
만약에 우리,만약에우리 만약에우리,만약에우리 만약에우리,normal
만약에 우리,만약에 우리 좋았습니다,만약에 우리 좋았습니다,normal
만약에 우리,만약에우리 만약에우리,만약에우리 만약에우리,normal
윗집 사람들,깊은 울림을 주는 영화네요.,깊은 울림을 주는 영화네요,normal
윗집 사람들,"메시지를 전하는 과정은 저질스러웠지만 결과는 좋았다. 
공효진이 연기를 참 자연스럽게 잘한다.",메시지를 전하는 과정은 저질스러웠지만 결과는 좋았다  공효진이 연기를 참 자연스럽게 잘한다,normal
윗집 사람들,볼만합니다 조아조아 추천합니다,볼만합니다 조아조아 추천합니다,positive
윗집 사람들,하정우랑 사석에서 만나고 싶다,하정우랑 사석에서 만나고 싶다,normal
윗집 사람들,"아주 굿입니다
강력추천",아주 굿입니다 강력추천,positive
윗집 사람들,시나리오 좋고 긴장감 좋고 이 정도면 충분히 훌륭한 편.,시나리오 좋고 긴장감 좋고 이 정도면 충분히 훌륭한 편,positive
윗집 사람들,재밌게 잘 봤습니다.,재밌게 잘 봤습니다,positive
윗집 사람들,간만에 집중해서 봤던 영화네요,간만에 집중해서 봤던 영화네요,normal
윗집 사람들,"그냥저냥소소하네요,배우분들고생햇읍니다",그냥저냥소소하네요배우분들고생햇읍니다,normal
윗집 사람들,윗집 사람들 잘 봤습니다,윗집 사람들 잘 봤습니다,normal
윗집 사람들,유쾌한 19금 영화,유쾌한 19금 영화,normal
윗집 사람들,재밌게 관람했습니다 볼만했어요,재밌게 관람했습니다 볼만했어요,positive
윗집 사람들,그냥 볼만 합니다.,그냥 볼만 합니다,normal
윗집 사람들,연극보는거 같았습니다... 나름 지겹지않게 잼났슴다,연극보는거 같았습니다 나름 지겹지않게 잼났슴다,normal
윗집 사람들,야한거도 아니고 입만 터네.,야한거도 아니고 입만 터네,normal
윗집 사람들,배우분들 연기력이 좋아요,배우분들 연기력이 좋아요,normal
윗집 사람들,우려와 달리 유쾌함!!!!,우려와 달리 유쾌함,normal
윗집 사람들,#윗집사람들 재미지네요.,윗집사람들 재미지네요,positive
윗집 사람들,너무 재미가 없어요ㅠ 마지막에 고양이나와서 참았다ㅜ,너무 재미가 없어요 마지막에 고양이나와서 참았다,positive
윗집 사람들,전 감독님이랑 코드가 안맞는 것 같아요.,전 감독님이랑 코드가 안맞는 것 같아요,normal
윗집 사람들,"이게 재미없다면 그건 수용성의 문제
작품 자체는 잘 만들었음",이게 재미없다면 그건 수용성의 문제 작품 자체는 잘 만들었음,positive
윗집 사람들,"하아  하정우식 유머....
난 모르겠다",하아  하정우식 유머 난 모르겠다,normal
윗집 사람들,좋았어요.좋았어요.,좋았어요좋았어요,normal
윗집 사람들,이야기로 진행되는 19금 토크 콘서트 분위기 속 배우의 힘,이야기로 진행되는 19금 토크 콘서트 분위기 속 배우의 힘,normal
윗집 사람들,베드신 1도없이 산정적이다...,베드신 1도없이 산정적이다,normal
윗집 사람들,그럭저럭 재밌게 봤어요,그럭저럭 재밌게 봤어요,positive
윗집 사람들,재밌어요 재밌어요 재밌어요,재밌어요 재밌어요 재밌어요,positive
윗집 사람들,잘봤습니다.감사합니다.,잘봤습니다감사합니다,normal
윗집 사람들,나름 재미있게 관람했습니다,나름 재미있게 관람했습니다,positive
윗집 사람들,배우들의 연기와 많은 대사가 나름 즐관,배우들의 연기와 많은 대사가 나름 즐관,normal
윗집 사람들,"유쾌하고 생각할 지점이 많네요
오랜만에 정말 잘 봤어요ㅎㅎ",유쾌하고 생각할 지점이 많네요 오랜만에 정말 잘 봤어요ㅎㅎ,normal
윗집 사람들,가볍게 볼 수 있는 소소한 스토리.,가볍게 볼 수 있는 소소한 스토리,normal
윗집 사람들,그저 그르네요 좀지루함,그저 그르네요 좀지루함,negative
윗집 사람들,"하정우 등 총 출연배우 약 8명 정도로 보였고
대부분  방안에서  촬영 되었고  그다음 영화 후반부에 엘리베이터 장면이 있었는데  기대 했던것보다는 실망 스럽다
영화를 보았다기보디 연극을 본것 같다",하정우 등 총 출연배우 약 8명 정도로 보였고 대부분  방안에서  촬영 되었고  그다음 영화 후반부에 엘리베이터 장면이 있었는데  기대 했던것보다는 실망 스럽다 영화를 보았다기보디 연극을 본것 같다,negative
윗집 사람들,재밌게 잘 보았습니다~!,재밌게 잘 보았습니다,positive
윗집 사람들,재밌게 잘 보았습니다~!,재밌게 잘 보았습니다,positive
윗집 사람들,하정우스럽네. 라는 생각이 드는걸 보면. 하정우 장르 탄생한것인가,하정우스럽네 라는 생각이 드는걸 보면 하정우 장르 탄생한것인가,normal
윗집 사람들,하정우식 영화..뻔하지만 재밌다!!!,하정우식 영화뻔하지만 재밌다,positive
윗집 사람들,이제 그만 윗층으로 돌아갔으면 하는 순간이 여러번 있었다,이제 그만 윗층으로 돌아갔으면 하는 순간이 여러번 있었다,normal
윗집 사람들,강력한 언어와 상황은 우리는 당황 시킨다.,강력한 언어와 상황은 우리는 당황 시킨다,normal
윗집 사람들,시의적절하고 의미있는 까메오의 등장,시의적절하고 의미있는 까메오의 등장,normal
윗집 사람들,유쾌하면서도 나의 삶을 되돌아 보는 시간이 되었슴다.,유쾌하면서도 나의 삶을 되돌아 보는 시간이 되었슴다,normal
윗집 사람들,"혼자보길 잘했네 
시간아깝다
ㅜㅜ",혼자보길 잘했네  시간아깝다 ,normal
윗집 사람들,"안 본 눈 삽니다
본 눈 팝니다",안 본 눈 삽니다 본 눈 팝니다,normal
윗집 사람들,역시실감나게잘이해을했다 그래서로의알이없으면오해가생기다영화을보면서느겼다부부도대화가필요하다는것을재미있겠잘봤다,역시실감나게잘이해을했다 그래서로의알이없으면오해가생기다영화을보면서느겼다부부도대화가필요하다는것을재미있겠잘봤다,positive
윗집 사람들,소소한재미와 위트 하정우식 코믿,소소한재미와 위트 하정우식 코믿,positive
윗집 사람들,"한편의 부부 사이코드라마를 보는듯했다 
연극으로도 재밌을듯",한편의 부부 사이코드라마를 보는듯했다  연극으로도 재밌을듯,positive
윗집 사람들,그냥저냥 재밌게 보았습니다,그냥저냥 재밌게 보았습니다,positive
윗집 사람들,"배우들연기  진부하지 않은 스토리
너무 재밌었고 시간가는지 모르고 봤습니다.
진짜 추천입니다 꼭 보세요 !",배우들연기  진부하지 않은 스토리 너무 재밌었고 시간가는지 모르고 봤습니다 진짜 추천입니다 꼭 보세요 ,positive
윗집 사람들,"가끔 웃겨서 빵터짐
하정우배우님 넘 웃겨요~~
배우분들 연기는 짱이네요
소재가 조금 개인적으로 편견이 좀 있어서요ㅠㅠ",가끔 웃겨서 빵터짐 하정우배우님 넘 웃겨요 배우분들 연기는 짱이네요 소재가 조금 개인적으로 편견이 좀 있어서요,normal
윗집 사람들,"#원작이 있는 영화, 하정우 배우만의 연기가 돋보였다. 호불호는 있을 듯",원작이 있는 영화 하정우 배우만의 연기가 돋보였다 호불호는 있을 듯,normal
윗집 사람들,오락성과 스토리 젬나게 봄,오락성과 스토리 젬나게 봄,normal
윗집 사람들,이하늬님 참 예뻐요 ~ 첨엔 좀 불편한듯?..마무리는 잘 된듯?.. 잼있게  봤어요.,이하늬님 참 예뻐요  첨엔 좀 불편한듯마무리는 잘 된듯 잼있게  봤어요,normal
윗집 사람들,The People Upstairs,The People Upstairs,normal
윗집 사람들,그럭저럭 볼만했어요~,그럭저럭 볼만했어요,normal
윗집 사람들,코드가 맞는다면 매우 재밌는 영화,코드가 맞는다면 매우 재밌는 영화,positive
윗집 사람들,스섹이야기가 나오지만 야한 장면은 없는걸로 스토리를 잘 풀어낸 영화,스섹이야기가 나오지만 야한 장면은 없는걸로 스토리를 잘 풀어낸 영화,normal
윗집 사람들,걍그저그래요 볼게엎ㅅ네,걍그저그래요 볼게엎ㅅ네,normal
윗집 사람들,재밌게 잘봤어요~~~,재밌게 잘봤어요,positive
윗집 사람들,시작은 가볍고 황당한 내용이였지만 마무리는 생각할 것이 있는 영화였어요,시작은 가볍고 황당한 내용이였지만 마무리는 생각할 것이 있는 영화였어요,normal
윗집 사람들,의무감 보다는 진솔함으루바탕으로한 부부관계가 필요하다는 걸 알려주는 영화~ 그렇지만 스**은 꼭 필요하지 않다고 역설하는 영화입니다,의무감 보다는 진솔함으루바탕으로한 부부관계가 필요하다는 걸 알려주는 영화 그렇지만 스은 꼭 필요하지 않다고 역설하는 영화입니다,normal
윗집 사람들,성인들의 이야기 잼나네요.,성인들의 이야기 잼나네요,normal
윗집 사람들,시간이남을때보세요 영상미 사운드없어요,시간이남을때보세요 영상미 사운드없어요,normal
윗집 사람들,그럭저럭 봤습니다..,그럭저럭 봤습니다,normal
윗집 사람들,생각보다 훨씬 재밌어요,생각보다 훨씬 재밌어요,positive
윗집 사람들,부부관계에 대한 솔직한 입담과 해결방안 제시,부부관계에 대한 솔직한 입담과 해결방안 제시,normal
윗집 사람들,블랙코미디 영화 잘 보았습니다.,블랙코미디 영화 잘 보았습니다,normal
윗집 사람들,배우들 특징이 잼있네요. 보고 웃다가 나왔네요,배우들 특징이 잼있네요 보고 웃다가 나왔네요,normal
윗집 사람들,공감될거 같은데 지루하지않고 재밌어요,공감될거 같은데 지루하지않고 재밌어요,normal
윗집 사람들,19금 부부클리닉 부부들에게 추천.,19금 부부클리닉 부부들에게 추천,positive
윗집 사람들,대사를 맛갈나게 살린 연기가 일품이네요,대사를 맛갈나게 살린 연기가 일품이네요,normal
윗집 사람들,"현실적인 부분들이 중간중간 있어서 공감이 많이
됐어요 재밌게 잘 봤습니다",현실적인 부분들이 중간중간 있어서 공감이 많이 됐어요 재밌게 잘 봤습니다,positive
윗집 사람들,"도대체 이 영화를 통해 말하고 싶은게 뭐냐? 
감독이 뭘 하고 싶었던건지 도대체 ... 
이야기가 산으로 갔다 절벽으로 떨어져 박살이 난 느낌

이런 영화에 투자한 자본이 아깝다 
올 해 최악의 영화",도대체 이 영화를 통해 말하고 싶은게 뭐냐  감독이 뭘 하고 싶었던건지 도대체   이야기가 산으로 갔다 절벽으로 떨어져 박살이 난 느낌 이런 영화에 투자한 자본이 아깝다  올 해 최악의 영화,negative
윗집 사람들,다른분 예매해드렸는데... 평은 글쎄요.,다른분 예매해드렸는데 평은 글쎄요,normal
윗집 사람들,이딴게  영화라고  만드나?,이딴게  영화라고  만드나,normal
윗집 사람들,재밌게 잘 봤습니다 기억은 안날듯,재밌게 잘 봤습니다 기억은 안날듯,positive
윗집 사람들,"아무 정보없이 보러갔는데
좀 자극적인 내용이라 당황했지만 
웃기기도 하고
마치 연극무대를 보는것 같았어요.",아무 정보없이 보러갔는데 좀 자극적인 내용이라 당황했지만  웃기기도 하고 마치 연극무대를 보는것 같았어요,normal
윗집 사람들,"완벽한 타인이 생각나는 영화예요
솔직한 부부생활에 대한 적나라한 토크랄까?
영화적 재미는 별로예요",완벽한 타인이 생각나는 영화예요 솔직한 부부생활에 대한 적나라한 토크랄까 영화적 재미는 별로예요,normal
윗집 사람들,진짜 너무 재밌었어요 하정우님 연기가 너무 웃겨서 진짜 재밌게 봤네요 ㅎㅎ,진짜 너무 재밌었어요 하정우님 연기가 너무 웃겨서 진짜 재밌게 봤네요 ㅎㅎ,positive
윗집 사람들,재미있고 스토리 좋았어요~,재미있고 스토리 좋았어요,positive
윗집 사람들,재밌게 잘 관람했습니다~,재밌게 잘 관람했습니다,positive
윗집 사람들,#윗집사람들 재밌어요,윗집사람들 재밌어요,positive
윗집 사람들,진짜재밋게봤어요 ㅋ 하정우식 개그가 한층더 눈에보이는거같아요 직접연기하시니깐,진짜재밋게봤어요 ㅋ 하정우식 개그가 한층더 눈에보이는거같아요 직접연기하시니깐,normal
윗집 사람들,지가 은근 음란마귀가 빙의되어 기대했는데 아아 스포라 드릴 말씀이 참참참~아직 모쏠인 저로선 좀좀 다가 서기가 참 거시기 하였네요ㄷㄷ그래도 비금(OST)가 하하하 참 좋았어요 은근 실소가 나오게 연출일듯여,지가 은근 음란마귀가 빙의되어 기대했는데 아아 스포라 드릴 말씀이 참참참아직 모쏠인 저로선 좀좀 다가 서기가 참 거시기 하였네요ㄷㄷ그래도 비금OST가 하하하 참 좋았어요 은근 실소가 나오게 연출일듯여,normal
윗집 사람들,발칙한 상상을 적나라하게 ~,발칙한 상상을 적나라하게 ,normal
윗집 사람들,대화위주의 연출이다보니 중간에 지루해서 살짝 졸았네요,대화위주의 연출이다보니 중간에 지루해서 살짝 졸았네요,negative
윗집 사람들,재밌었어요 앉아어 엄충 웃고 갑니당ㅋㅋ,재밌었어요 앉아어 엄충 웃고 갑니당ㅋㅋ,positive
윗집 사람들,너무재밌게봤어요!하하,너무재밌게봤어요하하,positive
윗집 사람들,Fun fun fun,Fun fun fun,normal
윗집 사람들,호불호가 상당할 것 같지만.. 연기 잘하는 배우들의 티키타카를 보는 것 만으로도 재미가 있었고~ #피카츄 감독의 유머가 취향에 맞아서 잘 봤습니다 ㅎㅎ,호불호가 상당할 것 같지만 연기 잘하는 배우들의 티키타카를 보는 것 만으로도 재미가 있었고 피카츄 감독의 유머가 취향에 맞아서 잘 봤습니다 ㅎㅎ,positive
윗집 사람들,은근히 재밌어요. ㅎㅎ 시간 가는 줄 몰랐어요.,은근히 재밌어요 ㅎㅎ 시간 가는 줄 몰랐어요,positive
윗집 사람들,이야기가 널 뛰어 따라가기 힘들었다.,이야기가 널 뛰어 따라가기 힘들었다,normal
윗집 사람들,"커플끼리 보기도 민망하다는 후기를 봤는데
그 정도는 아닌 것 같다
공효진 예쁘게 나오더라",커플끼리 보기도 민망하다는 후기를 봤는데 그 정도는 아닌 것 같다 공효진 예쁘게 나오더라,normal
윗집 사람들,재밌었다요 ㅋㅋㅋㅋ,재밌었다요 ㅋㅋㅋㅋ,positive
윗집 사람들,야하지 않은 19금 구강액션!,야하지 않은 19금 구강액션,normal
윗집 사람들,하정우식유머 너무 웃김,하정우식유머 너무 웃김,normal
윗집 사람들,뭔이야기를 하는건지 모르겟다   내가 놓친 숨은 이야기가 더 잇엇나,뭔이야기를 하는건지 모르겟다   내가 놓친 숨은 이야기가 더 잇엇나,normal
윗집 사람들,"솔직히 기대하고 본 영화는 아니였지만 지인이랑  몰입해서 
본영화다.등장인물도 몇안되지만 다양한 부부캐릭터를 통해서 플롯보다 캐릭터 중심의 영화인데 재미있게 나름봤다.",솔직히 기대하고 본 영화는 아니였지만 지인이랑  몰입해서  본영화다등장인물도 몇안되지만 다양한 부부캐릭터를 통해서 플롯보다 캐릭터 중심의 영화인데 재미있게 나름봤다,positive
윗집 사람들,비정상적인 사람들이 우리를 회복시키다,비정상적인 사람들이 우리를 회복시키다,normal
윗집 사람들,예상되는 내용 흐름이지만 볼만함,예상되는 내용 흐름이지만 볼만함,normal
윗집 사람들,"하정우식 유머와 앙상블, 연극적이지만 영화적",하정우식 유머와 앙상블 연극적이지만 영화적,normal
윗집 사람들,너무 보기 힘들어요,너무 보기 힘들어요,normal
윗집 사람들,생각보다 재미없네요,생각보다 재미없네요,positive
윗집 사람들,드디어 좀 맞는 하정우표 영화,드디어 좀 맞는 하정우표 영화,normal
윗집 사람들,ㅋㅋ배우들 연기로 하드캐리,ㅋㅋ배우들 연기로 하드캐리,normal
윗집 사람들,하정우식 영화는 대사가 너무 많다. 극한직업 출연배우들.,하정우식 영화는 대사가 너무 많다 극한직업 출연배우들,normal
윗집 사람들,"불같던 결혼 생활은 사라지고 무미건조한 일상만 남은 정아(공효진)와 현수(김동욱). 요즘 두 사람을 가장 괴롭히는 건, 매일 밤 지나치게 활기찬 소리를 내는 윗집 부부 김 선생(하정우)과 수경(이하늬)이다.",불같던 결혼 생활은 사라지고 무미건조한 일상만 남은 정아공효진와 현수김동욱 요즘 두 사람을 가장 괴롭히는 건 매일 밤 지나치게 활기찬 소리를 내는 윗집 부부 김 선생하정우과 수경이하늬이다,normal
윗집 사람들,나름 규ㅐㄴ찮았습니닼 시간,나름 규ㄴ찮았습니닼 시간,normal
윗집 사람들,#윗집사람들 재밌었어요 잘 봤습니다~,윗집사람들 재밌었어요 잘 봤습니다,positive
윗집 사람들,윗집 사람들 좋았습니다,윗집 사람들 좋았습니다,normal
윗집 사람들,잘봤습니다 잘봤습니다,잘봤습니다 잘봤습니다,normal
윗집 사람들,재미있어요 감사합니다,재미있어요 감사합니다,positive
윗집 사람들,#윗집사람들의 윗집이야기,윗집사람들의 윗집이야기,normal
윗집 사람들,좀 지루했지만 재밌었어요,좀 지루했지만 재밌었어요,normal
윗집 사람들,배우들 연기가 좋았고 재밌어요,배우들 연기가 좋았고 재밌어요,positive
윗집 사람들,뭘하자는 것인지? 뭘 주장하고 싶은겁니까?,뭘하자는 것인지 뭘 주장하고 싶은겁니까,normal
윗집 사람들,평이 안좋아서 기대없이 봤는데 재미있았습이다 ㅋㅋ,평이 안좋아서 기대없이 봤는데 재미있았습이다 ㅋㅋ,positive
윗집 사람들,하정우식 개그 재미있네요,하정우식 개그 재미있네요,positive
윗집 사람들,설득력이 없다고 느껴졌습니다..,설득력이 없다고 느껴졌습니다,normal
윗집 사람들,"스토리가 단순해도 배우들의 연기력이 좋으면
얼마든지 훌륭한 영화가된다",스토리가 단순해도 배우들의 연기력이 좋으면 얼마든지 훌륭한 영화가된다,positive
윗집 사람들,대사가 찰지고 웃겨요,대사가 찰지고 웃겨요,normal
윗집 사람들,조금 지루했어요..,조금 지루했어요,negative
윗집 사람들,감독 스탈 드러나는 블랙코미디,감독 스탈 드러나는 블랙코미디,normal
윗집 사람들,감독이 미친거 같아요 ㅋㅋㅋㅋ,감독이 미친거 같아요 ㅋㅋㅋㅋ,normal
윗집 사람들,ㅇㄷㅇㄴㅇㄷ읏ㆍㅇㆍㄴㆍ느으ㅡㅡ으ㅡㅇㄷㅅㄴㅅㄷ,ㅇㄷㅇㄴㅇㄷ읏ㅇㄴ느으으ㅇㄷㅅㄴㅅㄷ,normal
윗집 사람들,#피카츄감독님 말장난의 향연이군요 마지막은 그래도 괜춘,피카츄감독님 말장난의 향연이군요 마지막은 그래도 괜춘,normal
윗집 사람들,"2025.12.15(월) 12:20~14:17
대학로 2관",20251215월 12201417 대학로 2관,normal
윗집 사람들,볼만했어요. 인물들이 특이하네요. 하정우는 평소에 이런 생각을 하는군요.,볼만했어요 인물들이 특이하네요 하정우는 평소에 이런 생각을 하는군요,normal
윗집 사람들,연기차력쇼 즐겁게 봤습니다,연기차력쇼 즐겁게 봤습니다,normal
윗집 사람들,배우들의  연기도 좋았고 재미있게 보았어요,배우들의  연기도 좋았고 재미있게 보았어요,positive
윗집 사람들,신박한 주제 재밌어요,신박한 주제 재밌어요,positive
윗집 사람들,"호기롭게 문을 연 섹드립이 ‘오은영 리포트’로 닫히다니!
-
이동욱, 이하늬의 연기만 좋았다.",호기롭게 문을 연 섹드립이 오은영 리포트로 닫히다니  이동욱 이하늬의 연기만 좋았다,normal
윗집 사람들,생각보다 재밌게 관람했어요.,생각보다 재밌게 관람했어요,positive
윗집 사람들,"영화를 본건지, 연극을 본건지 재밋고 유쾌한 경험.",영화를 본건지 연극을 본건지 재밋고 유쾌한 경험,normal
윗집 사람들,배우님들 연기좋았어요,배우님들 연기좋았어요,normal
윗집 사람들,부부클리닉으로 완성되네,부부클리닉으로 완성되네,normal
윗집 사람들,시각적으로 19금이 아닌 언어적 19금,시각적으로 19금이 아닌 언어적 19금,normal
윗집 사람들,흠~조금 별로였어요.,흠조금 별로였어요,negative
윗집 사람들,중반부에는 좀 그렇긴한데 후반부에는 좋았어요,중반부에는 좀 그렇긴한데 후반부에는 좋았어요,normal
윗집 사람들,괜찮았어요. 생각지도 못한 내용이었는데. 나쁘지않음,괜찮았어요 생각지도 못한 내용이었는데 나쁘지않음,normal
윗집 사람들,아슬아슬한 수위의 농담극,아슬아슬한 수위의 농담극,normal
윗집 사람들,매우 발칙하고 값진 부부 솔루션,매우 발칙하고 값진 부부 솔루션,normal
윗집 사람들,영화 재밌게 잘 봤습니다.,영화 재밌게 잘 봤습니다,positive
윗집 사람들,영화 재밌게 잘 봤습니다.,영화 재밌게 잘 봤습니다,positive
윗집 사람들,재미있게 보았습니다.지루하지않았어요,재미있게 보았습니다지루하지않았어요,normal
윗집 사람들,그냥그랬어요 ㅋㅋㅋㅋ,그냥그랬어요 ㅋㅋㅋㅋ,normal
윗집 사람들,윗집에서 보면 창백한 푸른 구멍,윗집에서 보면 창백한 푸른 구멍,normal
윗집 사람들,"마지막즈음에 부부상담이 좋았음..
이하늬는 어쩜그런 진지한톤을 유지하는지... 매력쩔...!!
마지막까지 #피카츄!!",마지막즈음에 부부상담이 좋았음 이하늬는 어쩜그런 진지한톤을 유지하는지 매력쩔 마지막까지 피카츄,normal
윗집 사람들,"하정우. 김동욱 멋있다~~!!
이하늬. 공효진 예쁘고...^.^
연기 잘하고 대사 전달력 좋고..
전 아주 재밌게 봤어요",하정우 김동욱 멋있다 이하늬 공효진 예쁘고 연기 잘하고 대사 전달력 좋고 전 아주 재밌게 봤어요,positive
윗집 사람들,배우들의 연기가 좋아서 나름 볼만 했어요,배우들의 연기가 좋아서 나름 볼만 했어요,normal
윗집 사람들,아..진짜.. 기대하지마세요. 매우 실망합니다. ㅜㅜ,아진짜 기대하지마세요 매우 실망합니다 ,negative
윗집 사람들,한국 영화 어카냐 진쯔,한국 영화 어카냐 진쯔,normal
윗집 사람들,매우 좋은 연기들이어서 보는내내 편안햇습니당 됴아요,매우 좋은 연기들이어서 보는내내 편안햇습니당 됴아요,normal
윗집 사람들,윗집 사람들 윗집 사람들,윗집 사람들 윗집 사람들,normal
윗집 사람들,"재밌게 잘 봤어요
하정우님 대사 칠때마다 웃겨서 실소가ㅋㅋㅋㅋ",재밌게 잘 봤어요 하정우님 대사 칠때마다 웃겨서 실소가ㅋㅋㅋㅋ,positive
윗집 사람들,생각보다 너무 작위적인 코미디,생각보다 너무 작위적인 코미디,normal
윗집 사람들,극장에서 즐기는 연극. 연극을 좋아하는 사람들과 사랑의 감정을 리스한 부부들에게 감상을 권한다.,극장에서 즐기는 연극 연극을 좋아하는 사람들과 사랑의 감정을 리스한 부부들에게 감상을 권한다,normal
윗집 사람들,그럭저럭 볼만합니다.요즘 극장가 아바타 말고는 대작이 없는 게 아쉽,그럭저럭 볼만합니다요즘 극장가 아바타 말고는 대작이 없는 게 아쉽,negative
윗집 사람들,"잼나게 잘봤습니다 
OST 너무 좋았는데
곡을 알수 없어 답답하네요
곡 알고싶어요",잼나게 잘봤습니다  OST 너무 좋았는데 곡을 알수 없어 답답하네요 곡 알고싶어요,normal
윗집 사람들,연령도가 더 올라 갔으면 더 재미가 올라 갈 듯 한정된 공간에서 풀어내는 입담과 썰,연령도가 더 올라 갔으면 더 재미가 올라 갈 듯 한정된 공간에서 풀어내는 입담과 썰,positive
윗집 사람들,재미있게 봤습니다.,재미있게 봤습니다,positive
윗집 사람들,너무 재미있는데요? 감독이 재치가 넘칩니다,너무 재미있는데요 감독이 재치가 넘칩니다,positive
윗집 사람들,"감독 특유의 연출을 배우분들의 연기로
더 볼만한 작품이 된듯 ㅎㅎ",감독 특유의 연출을 배우분들의 연기로 더 볼만한 작품이 된듯 ㅎㅎ,normal
윗집 사람들,"씹노잼
인생 최악의 영화",씹노잼 인생 최악의 영화,negative
윗집 사람들,별로예요 별로예요 별로예요,별로예요 별로예요 별로예요,negative
윗집 사람들,정말 한 공간에서 배우의 연기로만으로 승부수를 둔 것 같아요~,정말 한 공간에서 배우의 연기로만으로 승부수를 둔 것 같아요,normal
윗집 사람들,"대학로 연극느낌처럼 편안하고 재밌고 유쾌하게
연기하는 느낌이 들었어요!
중간중간 코믹멘트가 너무 웃겼고 
대화소재가 신선해서 보깇좋았어요!!",대학로 연극느낌처럼 편안하고 재밌고 유쾌하게 연기하는 느낌이 들었어요 중간중간 코믹멘트가 너무 웃겼고  대화소재가 신선해서 보깇좋았어요,positive
윗집 사람들,재미있게 잘 봤네요~,재미있게 잘 봤네요,positive
윗집 사람들,아 진짜 너무 재미있어서 시간가는 줄 몰랐습니다. ㅎㅎ,아 진짜 너무 재미있어서 시간가는 줄 몰랐습니다 ㅎㅎ,positive
윗집 사람들,"살짝 불편한 설정 이지만 즐거운 대화
배우들의 연기가 어색하지 않게 한몫한 영화",살짝 불편한 설정 이지만 즐거운 대화 배우들의 연기가 어색하지 않게 한몫한 영화,normal
윗집 사람들,부부간에 성적인 솔직하고 유쾌한 스토리,부부간에 성적인 솔직하고 유쾌한 스토리,normal
윗집 사람들,재밌게 잘 봤어요... 소재가 좋아요..,재밌게 잘 봤어요 소재가 좋아요,positive
윗집 사람들,"하정우감독 영화다운 영화
재밌었다고 해야할지
재미없다고 해야할지...",하정우감독 영화다운 영화 재밌었다고 해야할지 재미없다고 해야할지,positive
윗집 사람들,배우 연기가 인상적이고 재미있게 시간 금방갑니다!,배우 연기가 인상적이고 재미있게 시간 금방갑니다,positive
윗집 사람들,"스페인 영화 센티멘탈을 리메이크했다고 하는데
한국 정서와는 거리가 먼 주제다.그럼에도 배우들의 연기와 코믹한 대사 덕분에 부담 없이 볼 수 있었고 마지막은 기혼자라면 충분히 공감할 만한 부분도 있었다",스페인 영화 센티멘탈을 리메이크했다고 하는데 한국 정서와는 거리가 먼 주제다그럼에도 배우들의 연기와 코믹한 대사 덕분에 부담 없이 볼 수 있었고 마지막은 기혼자라면 충분히 공감할 만한 부분도 있었다,normal
윗집 사람들,이걸 신선하다고 해야할지 발칙하다고 해야할지,이걸 신선하다고 해야할지 발칙하다고 해야할지,normal
윗집 사람들,볼만해요 연기가 좋아요,볼만해요 연기가 좋아요,normal
윗집 사람들,연극 무대를 본 것 같은 영화였다,연극 무대를 본 것 같은 영화였다,normal
윗집 사람들,하정우 감독만의 스타일이 있는듯.. 여태 본것중 이 영화가 제일 괜찮았다.,하정우 감독만의 스타일이 있는듯 여태 본것중 이 영화가 제일 괜찮았다,normal
윗집 사람들,수준높은 섹시코미디 영화,수준높은 섹시코미디 영화,normal
윗집 사람들,"마치 스타벅스의 코코말차 같은 느낌..
기대와 달리 보이는 것이 다였다..",마치 스타벅스의 코코말차 같은 느낌 기대와 달리 보이는 것이 다였다,normal
윗집 사람들,유쾌하게 잘 봤습니다. 배우들 연기가 좋네요.,유쾌하게 잘 봤습니다 배우들 연기가 좋네요,normal
윗집 사람들,좋은 영화는 관객을 즐겁게 해주는 영화이다,좋은 영화는 관객을 즐겁게 해주는 영화이다,normal
윗집 사람들,너무 재미있었어요.. 야하지는 않았는데.. 39금 같아요,너무 재미있었어요 야하지는 않았는데 39금 같아요,positive
윗집 사람들,말하기 어려운 소재를 익살스럽게 드러내서 재밌었어요,말하기 어려운 소재를 익살스럽게 드러내서 재밌었어요,positive
윗집 사람들,기승전 오은영의 사랑과 전쟁,기승전 오은영의 사랑과 전쟁,normal
윗집 사람들,주거니 받거니 엄청난 대사.,주거니 받거니 엄청난 대사,normal
윗집 사람들,하정우식 유머코드? 저랑은 너무 안 맞는 것 같아요.,하정우식 유머코드 저랑은 너무 안 맞는 것 같아요,normal
윗집 사람들,재밌어요 잘 봤습니다 ㅎㅎ,재밌어요 잘 봤습니다 ㅎㅎ,positive
윗집 사람들,"그냥 웃다가, 가끔 헛웃음도.
말장난이죠.",그냥 웃다가 가끔 헛웃음도 말장난이죠,normal
윗집 사람들,부부의 말싸움이 실감나게 잘 표현했다,부부의 말싸움이 실감나게 잘 표현했다,normal
윗집 사람들,#진액만 남아요!!!,진액만 남아요,normal
윗집 사람들,정우형 연출 그만하고 스릴러물 한번 찍어줘 ㅠ,정우형 연출 그만하고 스릴러물 한번 찍어줘 ,normal
윗집 사람들,웃긴장면은 있지만 어머니가 보셨는데 별로였데요,웃긴장면은 있지만 어머니가 보셨는데 별로였데요,negative
윗집 사람들,아니.. 이걸 왜?? OTT 몸값올리기 개봉인가?,아니 이걸 왜 OTT 몸값올리기 개봉인가,normal
윗집 사람들,오랜만에 영화보다 잘자고 후반20분은 그나마 보고왔어요 완벽한타인이 재미있고 잘만들었구나 생각했어요 ^^ 감상평을  다 남겨보네요 ㅎㅎ,오랜만에 영화보다 잘자고 후반20분은 그나마 보고왔어요 완벽한타인이 재미있고 잘만들었구나 생각했어요  감상평을  다 남겨보네요 ㅎㅎ,positive
윗집 사람들,"성에대한 인간의 밑바닥을 보여주는 영화
톡 톡 톡",성에대한 인간의 밑바닥을 보여주는 영화 톡 톡 톡,normal
윗집 사람들,재밌었어요 잘봤습니다!,재밌었어요 잘봤습니다,positive
윗집 사람들,"""역사상 최고의 성 대화 영화""

명품 배우들이 성을 매개로 한 부부 관계 이야기

성을 시작으로 닫혀있던 대화와 부부 관계 회복까지 설명한다. 부부라 할지라도 양측의 욕구가 달라 첵스리스가 생길 수 있다",역사상 최고의 성 대화 영화 명품 배우들이 성을 매개로 한 부부 관계 이야기 성을 시작으로 닫혀있던 대화와 부부 관계 회복까지 설명한다 부부라 할지라도 양측의 욕구가 달라 첵스리스가 생길 수 있다,normal
윗집 사람들,지난 번 ‘로비’ 보단 훨씬 재밌게 봤어요,지난 번 로비 보단 훨씬 재밌게 봤어요,positive
윗집 사람들,무난하게 보았어요,무난하게 보았어요,normal
윗집 사람들,같은 공간에서 누구와 무엇을 하느냐에 따라,같은 공간에서 누구와 무엇을 하느냐에 따라,normal
뽀로로 극장판 스위트캐슬 대모험,재미있게 잘 보았습니다,재미있게 잘 보았습니다,positive
뽀로로 극장판 스위트캐슬 대모험,아이들이 즐겁게 관람함,아이들이 즐겁게 관람함,normal
뽀로로 극장판 스위트캐슬 대모험,뽀로로는 어른이 봐도 재미있어요,뽀로로는 어른이 봐도 재미있어요,positive
뽀로로 극장판 스위트캐슬 대모험,재미있게 잘 봤습니다 감사합니다,재미있게 잘 봤습니다 감사합니다,positive
뽀로로 극장판 스위트캐슬 대모험,재미있게 잘 관람했습니다!!,재미있게 잘 관람했습니다,positive
뽀로로 극장판 스위트캐슬 대모험,아이들이 좋아하는 영화 입니다,아이들이 좋아하는 영화 입니다,normal
뽀로로 극장판 스위트캐슬 대모험,재밌어요 재밌어요 재밌어요,재밌어요 재밌어요 재밌어요,positive
뽀로로 극장판 스위트캐슬 대모험,재밌어요 재밌어요 재밌어요,재밌어요 재밌어요 재밌어요,positive
뽀로로 극장판 스위트캐슬 대모험,재미있게 잘 보았습니다.,재미있게 잘 보았습니다,positive
뽀로로 극장판 스위트캐슬 대모험,이맘때 보기 좋은 애니메이션이네요!,이맘때 보기 좋은 애니메이션이네요,normal
뽀로로 극장판 스위트캐슬 대모험,가족이랑 잼게 봤습니다.,가족이랑 잼게 봤습니다,normal
뽀로로 극장판 스위트캐슬 대모험,재미있게 관람했어요,재미있게 관람했어요,positive
뽀로로 극장판 스위트캐슬 대모험,뽀로로 극장판 스위트캐슬 대모험,뽀로로 극장판 스위트캐슬 대모험,normal
뽀로로 극장판 스위트캐슬 대모험,"포니포니 파라밤!!! 너무나 즐거운 영화입니다 
눈물이 찔끔 ㅜㅜ",포니포니 파라밤 너무나 즐거운 영화입니다  눈물이 찔끔 ,normal
뽀로로 극장판 스위트캐슬 대모험,"아이 데리고 가서 봤는데 크리스마스를 기다리는 동심과, 친구들과 함께 협동하는 마음을 배울수 있는 영화인것 같아요 아이가 너무 재밌었다네요 러닝타임도 적당해서 지루해하지 않았어요",아이 데리고 가서 봤는데 크리스마스를 기다리는 동심과 친구들과 함께 협동하는 마음을 배울수 있는 영화인것 같아요 아이가 너무 재밌었다네요 러닝타임도 적당해서 지루해하지 않았어요,normal
뽀로로 극장판 스위트캐슬 대모험,뽀로로 재밌게 잘 봤습니다,뽀로로 재밌게 잘 봤습니다,positive
뽀로로 극장판 스위트캐슬 대모험,영화 관람 잘했어요,영화 관람 잘했어요,normal
뽀로로 극장판 스위트캐슬 대모험,좋은 작품 잘 감상합니다,좋은 작품 잘 감상합니다,normal
뽀로로 극장판 스위트캐슬 대모험,뽀로로극장판....,뽀로로극장판,normal
뽀로로 극장판 스위트캐슬 대모험,만족합니다 만족합니다,만족합니다 만족합니다,positive
뽀로로 극장판 스위트캐슬 대모험,아이들하고 재미있게 잘 봤어요~,아이들하고 재미있게 잘 봤어요,positive
뽀로로 극장판 스위트캐슬 대모험,재미있게 잘 보았습니다.,재미있게 잘 보았습니다,positive
뽀로로 극장판 스위트캐슬 대모험,재미있게 잘 보았습니다.,재미있게 잘 보았습니다,positive
뽀로로 극장판 스위트캐슬 대모험,재미있게 잘 보았습니다.,재미있게 잘 보았습니다,positive
뽀로로 극장판 스위트캐슬 대모험,아이들이 좋아합니다.,아이들이 좋아합니다,normal
뽀로로 극장판 스위트캐슬 대모험,재미있게 잘 보았습니다.,재미있게 잘 보았습니다,positive
뽀로로 극장판 스위트캐슬 대모험,뽀로로가 제일 좋아,뽀로로가 제일 좋아,normal
뽀로로 극장판 스위트캐슬 대모험,영화 잘봤습니다!!~,영화 잘봤습니다,normal
뽀로로 극장판 스위트캐슬 대모험,생각보다 훨씬 재밌어요,생각보다 훨씬 재밌어요,positive
뽀로로 극장판 스위트캐슬 대모험,이번편도 흥행했음 좋겠어요,이번편도 흥행했음 좋겠어요,normal
뽀로로 극장판 스위트캐슬 대모험,생각보다 훨씬 재밌어요,생각보다 훨씬 재밌어요,positive
뽀로로 극장판 스위트캐슬 대모험,뽀로로 극장판 잘 봤습니다~,뽀로로 극장판 잘 봤습니다,normal
뽀로로 극장판 스위트캐슬 대모험,뽀로로 재밌게 봤어요,뽀로로 재밌게 봤어요,positive
뽀로로 극장판 스위트캐슬 대모험,뽀로로 재밌게 봤습니다,뽀로로 재밌게 봤습니다,positive
뽀로로 극장판 스위트캐슬 대모험,아이가 좋아하네요!,아이가 좋아하네요,normal
뽀로로 극장판 스위트캐슬 대모험,아이들이 재밌다고 합니다,아이들이 재밌다고 합니다,positive
뽀로로 극장판 스위트캐슬 대모험,뽀로로 재밌게 봤어요,뽀로로 재밌게 봤어요,positive
뽀로로 극장판 스위트캐슬 대모험,아이들이 좋아해요!!,아이들이 좋아해요,normal
뽀로로 극장판 스위트캐슬 대모험,아이들이 보기좋은 애니메이션 ㅎ ㅎ,아이들이 보기좋은 애니메이션 ㅎ ㅎ,normal
뽀로로 극장판 스위트캐슬 대모험,아이들이 보기좋은 애니메이션,아이들이 보기좋은 애니메이션,normal
뽀로로 극장판 스위트캐슬 대모험,아이랑 재밌게 잘 봤습니다,아이랑 재밌게 잘 봤습니다,positive
뽀로로 극장판 스위트캐슬 대모험,명불허전 뽀로로~ 아이들이 보기 딱 좋은 애니메이션,명불허전 뽀로로 아이들이 보기 딱 좋은 애니메이션,normal
뽀로로 극장판 스위트캐슬 대모험,익숙한 캐릭터와 유쾌한 이야기는 언제나 뽀로로의 큰 장점이랍니다. 뻔하지만 재밌는 시간~,익숙한 캐릭터와 유쾌한 이야기는 언제나 뽀로로의 큰 장점이랍니다 뻔하지만 재밌는 시간,positive
뽀로로 극장판 스위트캐슬 대모험,아이들이 즐거워하며 봤어요~^^,아이들이 즐거워하며 봤어요,normal
뽀로로 극장판 스위트캐슬 대모험,아이들과 보기에 이만한게 없네요,아이들과 보기에 이만한게 없네요,normal
뽀로로 극장판 스위트캐슬 대모험,"아이들이 너무 즐거워해요
동생이랑보는데
청소년누나들이 더좋아하네요
역시 뽀통령입니다^^",아이들이 너무 즐거워해요 동생이랑보는데 청소년누나들이 더좋아하네요 역시 뽀통령입니다,normal
뽀로로 극장판 스위트캐슬 대모험,역시 뽀통령 아이들에게는 대단합니다 ㅎㅎ,역시 뽀통령 아이들에게는 대단합니다 ㅎㅎ,normal
뽀로로 극장판 스위트캐슬 대모험,영화 잘 봤어요 ㅇㅇㅇㅇ,영화 잘 봤어요 ㅇㅇㅇㅇ,normal
뽀로로 극장판 스위트캐슬 대모험,볼 만한 영화네요 ~~~,볼 만한 영화네요 ,normal
뽀로로 극장판 스위트캐슬 대모험,뽀롱뽀렁 뽀로로..,뽀롱뽀렁 뽀로로,normal
뽀로로 극장판 스위트캐슬 대모험,애기랑 같이 봤는데 나름,애기랑 같이 봤는데 나름,normal
뽀로로 극장판 스위트캐슬 대모험,보는 내내 아이 귀여워 아이 예뻐 했슴다,보는 내내 아이 귀여워 아이 예뻐 했슴다,normal
뽀로로 극장판 스위트캐슬 대모험,앞으로 자주 이용 할게요. ^^,앞으로 자주 이용 할게요 ,normal
뽀로로 극장판 스위트캐슬 대모험,뽀로로 귀여워요 아이들이 좋아하는,뽀로로 귀여워요 아이들이 좋아하는,normal
뽀로로 극장판 스위트캐슬 대모험,영화 재밌게 잘 봤어요,영화 재밌게 잘 봤어요,positive
뽀로로 극장판 스위트캐슬 대모험,영화 재밌게 잘 봤어요,영화 재밌게 잘 봤어요,positive
뽀로로 극장판 스위트캐슬 대모험,영화 재밌게 잘 봤어요,영화 재밌게 잘 봤어요,positive
뽀로로 극장판 스위트캐슬 대모험,영화 재밌게 잘 봤어요,영화 재밌게 잘 봤어요,positive
뽀로로 극장판 스위트캐슬 대모험,역시 매력적인 주인공들,역시 매력적인 주인공들,normal
뽀로로 극장판 스위트캐슬 대모험,뽀로로 극장판 스위트캐슬 대모험,뽀로로 극장판 스위트캐슬 대모험,normal
뽀로로 극장판 스위트캐슬 대모험,재미있어요 감사합니다 좋아요,재미있어요 감사합니다 좋아요,positive
뽀로로 극장판 스위트캐슬 대모험,뽀로로 극장판 스위트캐슬 대모험 좋아요,뽀로로 극장판 스위트캐슬 대모험 좋아요,normal
뽀로로 극장판 스위트캐슬 대모험,재미있어요 재미있어요,재미있어요 재미있어요,positive
뽀로로 극장판 스위트캐슬 대모험,재미있어요 재미있어요,재미있어요 재미있어요,positive
뽀로로 극장판 스위트캐슬 대모험,재미있게 봤습니다...,재미있게 봤습니다,positive
뽀로로 극장판 스위트캐슬 대모험,잘 보고 갑니다 복 받으세요,잘 보고 갑니다 복 받으세요,normal
뽀로로 극장판 스위트캐슬 대모험,재미있게 봤습니다 감사해요,재미있게 봤습니다 감사해요,positive
뽀로로 극장판 스위트캐슬 대모험,안녕하세요 잘 봤습니다 :D,안녕하세요 잘 봤습니다 D,normal
뽀로로 극장판 스위트캐슬 대모험,뽀로로 스위트캐슬 대모험,뽀로로 스위트캐슬 대모험,normal
뽀로로 극장판 스위트캐슬 대모험,아이들이 좋아할만한 영화,아이들이 좋아할만한 영화,normal
뽀로로 극장판 스위트캐슬 대모험,잘 봤습니다. 화이팅하세요!,잘 봤습니다 화이팅하세요,normal
뽀로로 극장판 스위트캐슬 대모험,아이들과 함께 보면 재미 있어요,아이들과 함께 보면 재미 있어요,positive
뽀로로 극장판 스위트캐슬 대모험,흥미로운 내용이네요~,흥미로운 내용이네요,normal
뽀로로 극장판 스위트캐슬 대모험,믿고보는 뽀로로 굿굿,믿고보는 뽀로로 굿굿,normal
뽀로로 극장판 스위트캐슬 대모험,뽀로로 극장판 잘 봤습니다.,뽀로로 극장판 잘 봤습니다,normal
뽀로로 극장판 스위트캐슬 대모험,뽀로로는 언제나 옳다,뽀로로는 언제나 옳다,normal
뽀로로 극장판 스위트캐슬 대모험,뽀통령은 언제까지 집권할 예정일까? ㅎ,뽀통령은 언제까지 집권할 예정일까 ㅎ,normal
뽀로로 극장판 스위트캐슬 대모험,뽀로로 극장판 스위트캐슬 대모험,뽀로로 극장판 스위트캐슬 대모험,normal
뽀로로 극장판 스위트캐슬 대모험,어린이들이 좋아하는 애니,어린이들이 좋아하는 애니,normal
뽀로로 극장판 스위트캐슬 대모험,뽀로로 뽀로로 뽀로로,뽀로로 뽀로로 뽀로로,normal
뽀로로 극장판 스위트캐슬 대모험,ㅇㄷㅇㄴㅇㄷ읏ㆍㅇㆍㄴㆍ느으ㅡㅡ으ㅡㅇㄷㅅㄴㅅㄷ,ㅇㄷㅇㄴㅇㄷ읏ㅇㄴ느으으ㅇㄷㅅㄴㅅㄷ,normal
뽀로로 극장판 스위트캐슬 대모험,영화 잘 봤어요. 좋아요.,영화 잘 봤어요 좋아요,normal
뽀로로 극장판 스위트캐슬 대모험,무난히 평범한 내용과 결말에 애니임!,무난히 평범한 내용과 결말에 애니임,normal
뽀로로 극장판 스위트캐슬 대모험,뽀로로는 여전히 초통령!!!,뽀로로는 여전히 초통령,normal
뽀로로 극장판 스위트캐슬 대모험,예측이 가능한 내용과 결말의 애니임!,예측이 가능한 내용과 결말의 애니임,normal
뽀로로 극장판 스위트캐슬 대모험,캐릭이 귀여워 애기들 좋아할 애니임!,캐릭이 귀여워 애기들 좋아할 애니임,normal
뽀로로 극장판 스위트캐슬 대모험,아이들 좋아할 캐릭이 나오는 애니임!,아이들 좋아할 캐릭이 나오는 애니임,normal
뽀로로 극장판 스위트캐슬 대모험,귀여운 캐릭들 나오는 괜찮은 애니임!,귀여운 캐릭들 나오는 괜찮은 애니임,normal
뽀로로 극장판 스위트캐슬 대모험,아가들 좋아할 캐릭이 나오는 애니임!,아가들 좋아할 캐릭이 나오는 애니임,normal
뽀로로 극장판 스위트캐슬 대모험,뽀로로는 역시 노는 게 제일 좋습니다.,뽀로로는 역시 노는 게 제일 좋습니다,normal
뽀로로 극장판 스위트캐슬 대모험,애들이 재밌게 볼 수 있었어요,애들이 재밌게 볼 수 있었어요,positive
뽀로로 극장판 스위트캐슬 대모험,스토리가 재밌네요 아이들이 좋아하겠어요,스토리가 재밌네요 아이들이 좋아하겠어요,positive
뽀로로 극장판 스위트캐슬 대모험,뽀로로는 여전히 귀엽더라구요.,뽀로로는 여전히 귀엽더라구요,normal
뽀로로 극장판 스위트캐슬 대모험,역시 뽀로로는 정말 재밌네요,역시 뽀로로는 정말 재밌네요,positive
뽀로로 극장판 스위트캐슬 대모험,아이들이 보기 좋아해요,아이들이 보기 좋아해요,normal
뽀로로 극장판 스위트캐슬 대모험,디자인도 색감도 완전 최고!!!,디자인도 색감도 완전 최고,positive
뽀로로 극장판 스위트캐슬 대모험,괜히 뽀통령이 아님! 존잼꿀잼!,괜히 뽀통령이 아님 존잼꿀잼,normal
뽀로로 극장판 스위트캐슬 대모험,어쩜 이렇게 캐릭터들이 다 귀엽고 사랑스럽냐ㅎㅎ,어쩜 이렇게 캐릭터들이 다 귀엽고 사랑스럽냐ㅎㅎ,normal
뽀로로 극장판 스위트캐슬 대모험,뽀로로가 있음에 감사해요,뽀로로가 있음에 감사해요,normal
뽀로로 극장판 스위트캐슬 대모험,루피는 언제나 귀여워,루피는 언제나 귀여워,normal
뽀로로 극장판 스위트캐슬 대모험,영화 재밌게 잘 봤습니다.,영화 재밌게 잘 봤습니다,positive
뽀로로 극장판 스위트캐슬 대모험,영화 재밌게 잘 봤습니다.,영화 재밌게 잘 봤습니다,positive
뽀로로 극장판 스위트캐슬 대모험,아이들에겐 최고의 컨텐츠인듯.,아이들에겐 최고의 컨텐츠인듯,positive
뽀로로 극장판 스위트캐슬 대모험,뽀로로는 아아들에게 전대적,뽀로로는 아아들에게 전대적,normal
뽀로로 극장판 스위트캐슬 대모험,아이가 어렸을 때 너무 좋이하던,아이가 어렸을 때 너무 좋이하던,normal
뽀로로 극장판 스위트캐슬 대모험,나의 뽀로로는 여전하네요,나의 뽀로로는 여전하네요,normal
뽀로로 극장판 스위트캐슬 대모험,재밌게 봤습니다,재밌게 봤습니다,positive
뽀로로 극장판 스위트캐슬 대모험,잘봤어요 잘봤어요,잘봤어요 잘봤어요,normal
뽀로로 극장판 스위트캐슬 대모험,"'뽀로로'의 10번째 극장판 '뽀로로 극장판 스위트캐슬 대모험'가 개봉 확정

달콤한 겨울 디저트 왕국이 위기에 빠졌다 마녀 버니의 마법으로..

'뽀로로 스위트캐슬 대모험'...아이들에게 충분한 크리스마스 선물",뽀로로의 10번째 극장판 뽀로로 극장판 스위트캐슬 대모험가 개봉 확정 달콤한 겨울 디저트 왕국이 위기에 빠졌다 마녀 버니의 마법으로 뽀로로 스위트캐슬 대모험아이들에게 충분한 크리스마스 선물,normal
뽀로로 극장판 스위트캐슬 대모험,다시 돌아가는 보는 동심의 세계,다시 돌아가는 보는 동심의 세계,normal
뽀로로 극장판 스위트캐슬 대모험,언제나 유쾌한 뽀로로.,언제나 유쾌한 뽀로로,normal
뽀로로 극장판 스위트캐슬 대모험,"아이와 너무 시간가는 줄 모르고 즐겁게 관람했어요.
나와서도 아이가 엄청 재밌었다고 여러번 이야기했어요 ㅎㅎ",아이와 너무 시간가는 줄 모르고 즐겁게 관람했어요 나와서도 아이가 엄청 재밌었다고 여러번 이야기했어요 ㅎㅎ,positive
뽀로로 극장판 스위트캐슬 대모험,올해 일 애니의 성적이 보여주는 한국형 소재 뽀로로 놓칠 수 없다,올해 일 애니의 성적이 보여주는 한국형 소재 뽀로로 놓칠 수 없다,normal
뽀로로 극장판 스위트캐슬 대모험,뽀로로는 언제봐도 뿌듯하다 이제 유입되는 어린이들 층을 잡아야 한다,뽀로로는 언제봐도 뿌듯하다 이제 유입되는 어린이들 층을 잡아야 한다,normal
뽀로로 극장판 스위트캐슬 대모험,좋았어요 좋았어요 좋았어요,좋았어요 좋았어요 좋았어요,normal
뽀로로 극장판 스위트캐슬 대모험,재미있게 잘 보았습니다.,재미있게 잘 보았습니다,positive
뽀로로 극장판 스위트캐슬 대모험,재미있게 잘봤습니다,재미있게 잘봤습니다,positive
뽀로로 극장판 스위트캐슬 대모험,재미있게 잘 보았습니다.,재미있게 잘 보았습니다,positive
뽀로로 극장판 스위트캐슬 대모험,착한일을 하면 산타가 선물준다고 했는데 없는건지 안줄려는건지 변명만 늘어놓고 떠나는 장면은 동화나 우화같은 차가운 현실을 보여줬다 여왕캐릭터 좋았는데 짧아서 아쉬웠고 역시 ip는 기대이상이다,착한일을 하면 산타가 선물준다고 했는데 없는건지 안줄려는건지 변명만 늘어놓고 떠나는 장면은 동화나 우화같은 차가운 현실을 보여줬다 여왕캐릭터 좋았는데 짧아서 아쉬웠고 역시 ip는 기대이상이다,normal
뽀로로 극장판 스위트캐슬 대모험,볼만했어요~~~!!!,볼만했어요,normal
뽀로로 극장판 스위트캐슬 대모험,뽀로로와 친구들의 세계관 확장은 계속된다.,뽀로로와 친구들의 세계관 확장은 계속된다,normal
뽀로로 극장판 스위트캐슬 대모험,크리스마스 맛있게 보내세요,크리스마스 맛있게 보내세요,normal
뽀로로 극장판 스위트캐슬 대모험,ffsadfgfjfhxdsf,ffsadfgfjfhxdsf,normal
뽀로로 극장판 스위트캐슬 대모험,sdhnbcv vbdfg,sdhnbcv vbdfg,normal
뽀로로 극장판 스위트캐슬 대모험,아이들이 좋아하는 애니,아이들이 좋아하는 애니,normal
뽀로로 극장판 스위트캐슬 대모험,뽀로로 극장판 스위트캐슬 대모험,뽀로로 극장판 스위트캐슬 대모험,normal
뽀로로 극장판 스위트캐슬 대모험,"아들이랑 봤는데 왜 내가 더 재미있니....ㅋㅋㅋ
다가오는 클스마스와 어울리는 내용이였음",아들이랑 봤는데 왜 내가 더 재미있니ㅋㅋㅋ 다가오는 클스마스와 어울리는 내용이였음,positive
뽀로로 극장판 스위트캐슬 대모험,뽀로로 극장판 스위트캐슬 대모험 어땠나요?,뽀로로 극장판 스위트캐슬 대모험 어땠나요,normal
뽀로로 극장판 스위트캐슬 대모험,서프라이즈 쿠폰으로 관람함,서프라이즈 쿠폰으로 관람함,normal
뽀로로 극장판 스위트캐슬 대모험,아이가 좋아했어요 무서운 장면 없고 귀여워요,아이가 좋아했어요 무서운 장면 없고 귀여워요,normal
뽀로로 극장판 스위트캐슬 대모험,재미있게 잘 보았습니다,재미있게 잘 보았습니다,positive
뽀로로 극장판 스위트캐슬 대모험,온가족이 함께 관람하면 좋은 영화,온가족이 함께 관람하면 좋은 영화,normal
뽀로로 극장판 스위트캐슬 대모험,아이들과 같이 보면 좋을 것 같은 영화,아이들과 같이 보면 좋을 것 같은 영화,normal
뽀로로 극장판 스위트캐슬 대모험,그냥저냥 볼만했어요 상영을 많이 안하네요,그냥저냥 볼만했어요 상영을 많이 안하네요,normal
뽀로로 극장판 스위트캐슬 대모험,뽀로로 언제나 재미있게봐요,뽀로로 언제나 재미있게봐요,positive
뽀로로 극장판 스위트캐슬 대모험,재미나요 볼만 합니다.,재미나요 볼만 합니다,positive
뽀로로 극장판 스위트캐슬 대모험,재미있게 잘 보았습니다.,재미있게 잘 보았습니다,positive
뽀로로 극장판 스위트캐슬 대모험,재미있게 잘 보았습니다.,재미있게 잘 보았습니다,positive
뽀로로 극장판 스위트캐슬 대모험,재미있게 잘 보았습니다.,재미있게 잘 보았습니다,positive
뽀로로 극장판 스위트캐슬 대모험,아이들이 좋아할만한 애니메이션이네요,아이들이 좋아할만한 애니메이션이네요,normal
뽀로로 극장판 스위트캐슬 대모험,"귀엽다. 
영상 좋습니다.",귀엽다  영상 좋습니다,normal
뽀로로 극장판 스위트캐슬 대모험,뽀로로 극장판 스위트캐슬 대모험,뽀로로 극장판 스위트캐슬 대모험,normal
뽀로로 극장판 스위트캐슬 대모험,뽀로로 극장판 스위트캐슬 대모험,뽀로로 극장판 스위트캐슬 대모험,normal
뽀로로 극장판 스위트캐슬 대모험,조카들이 좋아합니다^^,조카들이 좋아합니다,normal
뽀로로 극장판 스위트캐슬 대모험,귀여운 뽀로로와 친구들,귀여운 뽀로로와 친구들,normal
뽀로로 극장판 스위트캐슬 대모험,한영의 마지막 희망이 뽀로로가 될줄이야,한영의 마지막 희망이 뽀로로가 될줄이야,normal
뽀로로 극장판 스위트캐슬 대모험,한없이 착하기만 한 너를,한없이 착하기만 한 너를,normal
뽀로로 극장판 스위트캐슬 대모험,즐겁게 봤습니다 유명인사 뽀로로,즐겁게 봤습니다 유명인사 뽀로로,normal
뽀로로 극장판 스위트캐슬 대모험,볼만했어요~~~!!!,볼만했어요,normal
뽀로로 극장판 스위트캐슬 대모험,좋은 시간 보냈습니다.,좋은 시간 보냈습니다,normal
뽀로로 극장판 스위트캐슬 대모험,조카 보여줬는데 재미있어 하네요~,조카 보여줬는데 재미있어 하네요,positive
뽀로로 극장판 스위트캐슬 대모험,아이들에게 좋은 영화네요,아이들에게 좋은 영화네요,normal
뽀로로 극장판 스위트캐슬 대모험,"별로예요@★★♥♥
$0",별로예요 0,negative
뽀로로 극장판 스위트캐슬 대모험,아이들이 좋아합니다,아이들이 좋아합니다,normal
뽀로로 극장판 스위트캐슬 대모험,뽀로로 스위트캐슬 대모험,뽀로로 스위트캐슬 대모험,normal
뽀로로 극장판 스위트캐슬 대모험,"별로예요@★★♥♥
$0",별로예요 0,negative
뽀로로 극장판 스위트캐슬 대모험,재밌게 잘 봤어요~~,재밌게 잘 봤어요,positive
뽀로로 극장판 스위트캐슬 대모험,뽀로로 스위트캐슬 대모험,뽀로로 스위트캐슬 대모험,normal
뽀로로 극장판 스위트캐슬 대모험,뽀로로 스위트캐슬 대모험,뽀로로 스위트캐슬 대모험,normal
뽀로로 극장판 스위트캐슬 대모험,뽀로로 스위트캐슬 대모험,뽀로로 스위트캐슬 대모험,normal
뽀로로 극장판 스위트캐슬 대모험,노는게 제일 좋은 뽀로로 재밌었습니다,노는게 제일 좋은 뽀로로 재밌었습니다,positive
뽀로로 극장판 스위트캐슬 대모험,재미있게 잘 보았습니다.,재미있게 잘 보았습니다,positive
뽀로로 극장판 스위트캐슬 대모험,뽀로로 극장판 스위트캐슬 대모험 아이들이 좋아해요,뽀로로 극장판 스위트캐슬 대모험 아이들이 좋아해요,normal
뽀로로 극장판 스위트캐슬 대모험,아이들과 함께 보기 좋았어요,아이들과 함께 보기 좋았어요,normal
뽀로로 극장판 스위트캐슬 대모험,뽀로로가 귀여워서 좋아요,뽀로로가 귀여워서 좋아요,normal
뽀로로 극장판 스위트캐슬 대모험,"크리스마스에 어울리는 온 가족 웃음을
책임지는 뽀로로의 모험",크리스마스에 어울리는 온 가족 웃음을 책임지는 뽀로로의 모험,normal
뽀로로 극장판 스위트캐슬 대모험,무난하게 재미있었어요,무난하게 재미있었어요,positive
뽀로로 극장판 스위트캐슬 대모험,뽀로로 재미있었습니다,뽀로로 재미있었습니다,positive
뽀로로 극장판 스위트캐슬 대모험,재미있게 잘 봤습니다,재미있게 잘 봤습니다,positive
뽀로로 극장판 스위트캐슬 대모험,좋았어요 잘봤어요..,좋았어요 잘봤어요,normal
뽀로로 극장판 스위트캐슬 대모험,역시 뽀로로 온 가족이 즐길수 있는 재미가 넘치는 애니메이션,역시 뽀로로 온 가족이 즐길수 있는 재미가 넘치는 애니메이션,positive
뽀로로 극장판 스위트캐슬 대모험,역시 뽀통령! 엄마들아 개념좀 탑재하고 사세요!,역시 뽀통령 엄마들아 개념좀 탑재하고 사세요,normal
뽀로로 극장판 스위트캐슬 대모험,아이와 함께 보고 왔어요 평일 낮이라 엄마들과 함께 왔던데 아이는 조용히 뽀로로를 보는데 엄마들은 몰상식하게 상영시간 내내 폰보고 카톡하고 인스타 디엠보내고 사진찍어서 보내고 엄마들이 왜이렇게 많나,아이와 함께 보고 왔어요 평일 낮이라 엄마들과 함께 왔던데 아이는 조용히 뽀로로를 보는데 엄마들은 몰상식하게 상영시간 내내 폰보고 카톡하고 인스타 디엠보내고 사진찍어서 보내고 엄마들이 왜이렇게 많나,normal
뽀로로 극장판 스위트캐슬 대모험,아가들이 좋아하는 영화~~~,아가들이 좋아하는 영화,normal
뽀로로 극장판 스위트캐슬 대모험,사실 어린아기들 리액션보러 왔어요,사실 어린아기들 리액션보러 왔어요,normal
뽀로로 극장판 스위트캐슬 대모험,"초등5학년 남아 애기들사이에세 보내요ㅋㅋ
전 작품은 재미있다고 했는데 이번엔 중간 정도라고 합니다.",초등5학년 남아 애기들사이에세 보내요ㅋㅋ 전 작품은 재미있다고 했는데 이번엔 중간 정도라고 합니다,positive
뽀로로 극장판 스위트캐슬 대모험,"노는게 제일좋아
친구들 모여라",노는게 제일좋아 친구들 모여라,normal
뽀로로 극장판 스위트캐슬 대모험,뽀로로 보고 왔습니다. 재밌었습니다.아이들은 이해하는데 애 엄마들이 영화를 보며 촬영을하고 폰으로 사진보내주는것을 반복하던데 애들이 그런 엄마를 보고 뭘 배울까요?,뽀로로 보고 왔습니다 재밌었습니다아이들은 이해하는데 애 엄마들이 영화를 보며 촬영을하고 폰으로 사진보내주는것을 반복하던데 애들이 그런 엄마를 보고 뭘 배울까요,positive
뽀로로 극장판 스위트캐슬 대모험,뽀통령의 건재함을 다시 한번 확인하는 시간이었어요.,뽀통령의 건재함을 다시 한번 확인하는 시간이었어요,normal
뽀로로 극장판 스위트캐슬 대모험,뽀로로 극장판 재미없습니다 영화관에 아이들 데려온 엄마들이 폰으로 인스타 영상 보고 있네요,뽀로로 극장판 재미없습니다 영화관에 아이들 데려온 엄마들이 폰으로 인스타 영상 보고 있네요,positive
뽀로로 극장판 스위트캐슬 대모험,뽀로로 극장판 노래가 좋았다.,뽀로로 극장판 노래가 좋았다,normal
뽀로로 극장판 스위트캐슬 대모험,기대를 져버리지 않는 뽀통령!!,기대를 져버리지 않는 뽀통령,normal
뽀로로 극장판 스위트캐슬 대모험,잘봤습니다.재밌었어요.,잘봤습니다재밌었어요,positive
뽀로로 극장판 스위트캐슬 대모험,좋은작품 잘보았습니다,좋은작품 잘보았습니다,normal
뽀로로 극장판 스위트캐슬 대모험,산타와 디저트를 주제로 시끌벅적~,산타와 디저트를 주제로 시끌벅적,normal
뽀로로 극장판 스위트캐슬 대모험,크리스마스 디저트와 뽀로로,크리스마스 디저트와 뽀로로,normal
뽀로로 극장판 스위트캐슬 대모험,겨울 느낌의 뽀로로 극장판,겨울 느낌의 뽀로로 극장판,normal
뽀로로 극장판 스위트캐슬 대모험,재밌고 계절감 잘 느껴짐,재밌고 계절감 잘 느껴짐,positive
뽀로로 극장판 스위트캐슬 대모험,동심으로 돌아가는 회전목마 우린 매일 달려가,동심으로 돌아가는 회전목마 우린 매일 달려가,normal
뽀로로 극장판 스위트캐슬 대모험,역시 우리의 친구 뽀로로 유쾌하네요,역시 우리의 친구 뽀로로 유쾌하네요,normal
뽀로로 극장판 스위트캐슬 대모험,아이와 재미있게 봤어요,아이와 재미있게 봤어요,positive
뽀로로 극장판 스위트캐슬 대모험,아이들의 꿈과 희망을 안겨 주는 영화네요,아이들의 꿈과 희망을 안겨 주는 영화네요,normal
뽀로로 극장판 스위트캐슬 대모험,"뽀로로가 돌아왔다
한국 애니메이션 좀 잘됐으면",뽀로로가 돌아왔다 한국 애니메이션 좀 잘됐으면,normal
뽀로로 극장판 스위트캐슬 대모험,왜 인기있는지 알거같은 한바탕 소동극,왜 인기있는지 알거같은 한바탕 소동극,normal
뽀로로 극장판 스위트캐슬 대모험,잘봤어요잘봤어요 좋았어요 잘봤어요,잘봤어요잘봤어요 좋았어요 잘봤어요,normal
뽀로로 극장판 스위트캐슬 대모험,Goodgoodgood,Goodgoodgood,normal
뽀로로 극장판 스위트캐슬 대모험,잘봤습니다 좋았어요 잘봤습니다,잘봤습니다 좋았어요 잘봤습니다,normal
뽀로로 극장판 스위트캐슬 대모험,좋았어요 잘봤습니다 좋았어요,좋았어요 잘봤습니다 좋았어요,normal
뽀로로 극장판 스위트캐슬 대모험,아이와 잼있게  잘봤습니다 볼만했어요,아이와 잼있게  잘봤습니다 볼만했어요,normal
뽀로로 극장판 스위트캐슬 대모험,Fikrdkjdjd,Fikrdkjdjd,normal
뽀로로 극장판 스위트캐슬 대모험,"뽀로로 극장판 스위트캐슬 대모험 어땠나요?
좋았어요",뽀로로 극장판 스위트캐슬 대모험 어땠나요 좋았어요,normal
뽀로로 극장판 스위트캐슬 대모험,"뽀로로 극장판 스위트캐슬 대모험 어땠나요?
좋았어요",뽀로로 극장판 스위트캐슬 대모험 어땠나요 좋았어요,normal
뽀로로 극장판 스위트캐슬 대모험,"뽀로로 극장판 스위트캐슬 대모험 어땠나요?
 잼나게",뽀로로 극장판 스위트캐슬 대모험 어땠나요  잼나게,normal
뽀로로 극장판 스위트캐슬 대모험,뽀로로 극장판 스위트캐슬 대모험 어땠나 짧고 굵게,뽀로로 극장판 스위트캐슬 대모험 어땠나 짧고 굵게,normal
뽀로로 극장판 스위트캐슬 대모험,미안 못봤어요 다음에 다시,미안 못봤어요 다음에 다시,normal
여행과 나날,설산과 바다의 대비되는 풍광이 좋았다,설산과 바다의 대비되는 풍광이 좋았다,normal
여행과 나날,미술관을 찿아다니는 여행이 아닌 흐르는 강물과 같은 정적인 여행의 운치를 보여준다,미술관을 찿아다니는 여행이 아닌 흐르는 강물과 같은 정적인 여행의 운치를 보여준다,normal
여행과 나날,"하마구치 류스케와 정반대의 행보, 대화가 아닌 것들로 쌓아가는 이야기",하마구치 류스케와 정반대의 행보 대화가 아닌 것들로 쌓아가는 이야기,normal
여행과 나날,재미보다는 슴슴하니 의미가 있고 배우 연기가 엄청남,재미보다는 슴슴하니 의미가 있고 배우 연기가 엄청남,positive
여행과 나날,처음부터 끝까지 잔잔하게,처음부터 끝까지 잔잔하게,normal
여행과 나날,여름의 바다와 겨울의 산을 스크린으로 체험하다,여름의 바다와 겨울의 산을 스크린으로 체험하다,normal
여행과 나날,오랜만에 스크린에서 은경양 볼수 있어서 좋았어요.,오랜만에 스크린에서 은경양 볼수 있어서 좋았어요,normal
여행과 나날,"일상에서 의미를 찾아야하는 사람의 슬픈 바다, 외로운 산.",일상에서 의미를 찾아야하는 사람의 슬픈 바다 외로운 산,normal
여행과 나날,눈눈눈..여행이 가고 싶어지게 하는,눈눈눈여행이 가고 싶어지게 하는,normal
여행과 나날,말이라는 벽에 갇혀진 느낌,말이라는 벽에 갇혀진 느낌,normal
여행과 나날,나는 사실 잘 모르겠어 이런 영화,나는 사실 잘 모르겠어 이런 영화,normal
여행과 나날,잔잔한 감동을 주는 영화네요,잔잔한 감동을 주는 영화네요,positive
여행과 나날,"여름과 겨울 두계절의 특이한 여행을 액자식으로,
물고기와 한 여인과 한 남자의 이야기로 오감을 자극하는 시간.",여름과 겨울 두계절의 특이한 여행을 액자식으로 물고기와 한 여인과 한 남자의 이야기로 오감을 자극하는 시간,normal
여행과 나날,"한여름밤의 꿈같은 느낌의 영화였어요~스토리는 어딘지 몽환적인 것 같기도 하고, 난해한 부분도 있었지만 시원시원한 여름풍경과 새하얀 겨울 풍경은 압권이었어요^^심은경,카와이유미 배우가 나와서 좋았어요",한여름밤의 꿈같은 느낌의 영화였어요스토리는 어딘지 몽환적인 것 같기도 하고 난해한 부분도 있었지만 시원시원한 여름풍경과 새하얀 겨울 풍경은 압권이었어요심은경카와이유미 배우가 나와서 좋았어요,normal
여행과 나날,잔잔하면서도 힐링이 되는 영화,잔잔하면서도 힐링이 되는 영화,normal
여행과 나날,너무나 잔잔하고 아름다운 자연과의 교감이 너무나 좋네요 잘 봤고 여운이 몹시 많이 남는 작품입니다 심은경님 작품 많이 하셨으면 합니다,너무나 잔잔하고 아름다운 자연과의 교감이 너무나 좋네요 잘 봤고 여운이 몹시 많이 남는 작품입니다 심은경님 작품 많이 하셨으면 합니다,normal
여행과 나날,독특하네요. 이동진 평론가님 추천으로 봤습니다,독특하네요 이동진 평론가님 추천으로 봤습니다,positive
여행과 나날,잔잔하고 무난합니다,잔잔하고 무난합니다,normal
여행과 나날,"조금 심심한 듯 싶다가 어느 순간 바다와 비와 눈, 여름과 겨울을 온 몸으로 감각하게 되는 영화",조금 심심한 듯 싶다가 어느 순간 바다와 비와 눈 여름과 겨울을 온 몸으로 감각하게 되는 영화,normal
여행과 나날,나름 재밌어요 근데 피곤하면 잘듯,나름 재밌어요 근데 피곤하면 잘듯,positive
여행과 나날,"일본특유의 이런...딱히 뭐라 스토리가 없는..여백같은 영화~
참 좋아요~",일본특유의 이런딱히 뭐라 스토리가 없는여백같은 영화 참 좋아요,normal
여행과 나날,설경 보러 갔는데 너무 잔잔해서 잠이 오네요,설경 보러 갔는데 너무 잔잔해서 잠이 오네요,normal
여행과 나날,겨울풍경은 멋진데 내용은 쏘쏘해요,겨울풍경은 멋진데 내용은 쏘쏘해요,normal
여행과 나날,미야케 쇼전잗은 재미있게 봤는데 이번 작품은 그냥 그랬어요ㅜ,미야케 쇼전잗은 재미있게 봤는데 이번 작품은 그냥 그랬어요,positive
여행과 나날,슴슴한 영환데 자꾸 생각남~,슴슴한 영환데 자꾸 생각남,normal
여행과 나날,funny and you by mine,funny and you by mine,normal
여행과 나날,적당히 볼만한 영화입니다,적당히 볼만한 영화입니다,normal
여행과 나날,#여행과나날 잔잔한 영화,여행과나날 잔잔한 영화,normal
여행과 나날,여행이란 이런것이다라고 보여주는것,여행이란 이런것이다라고 보여주는것,normal
여행과 나날,"영화 <Drive My Car>의 후편같은 분위기.
툭 던져지는 대화에 집중해서 끌려갔어요.
수동카메라 필름이 영화로 현상되어나온 느낌입니다.
눈 속에 발이 빠지면서 나아가는 장면은 <D.M.C>의 마지막을 보는 듯..",영화 Drive My Car의 후편같은 분위기 툭 던져지는 대화에 집중해서 끌려갔어요 수동카메라 필름이 영화로 현상되어나온 느낌입니다 눈 속에 발이 빠지면서 나아가는 장면은 DMC의 마지막을 보는 듯,normal
여행과 나날,재밌게 잘 보았습니다~!,재밌게 잘 보았습니다,positive
여행과 나날,여행하듯 긴 꿈을 꾼 듯 실컷 헤매고 나면 정결한 마음으로 나서게 되는 발걸음,여행하듯 긴 꿈을 꾼 듯 실컷 헤매고 나면 정결한 마음으로 나서게 되는 발걸음,normal
여행과 나날,가족이랑 잼게 봤습니다.,가족이랑 잼게 봤습니다,normal
여행과 나날,더욱 더 흥행이 되기를.,더욱 더 흥행이 되기를,normal
여행과 나날,asdㅁㄴㅇㄹㄴㄷㄻㄴㅇ,asdㅁㄴㅇㄹㄴㄷㄻㄴㅇ,normal
여행과 나날,너무 재미있게 보았습니다.,너무 재미있게 보았습니다,positive
여행과 나날,솔직히 처음엔 졸았음 대화자체가 없이 걍 영상만 넘어가니.. 근데 그만큼 영상미는 좋네요,솔직히 처음엔 졸았음 대화자체가 없이 걍 영상만 넘어가니 근데 그만큼 영상미는 좋네요,normal
여행과 나날,여행을 거쳐 성장하는 모습이 보기 좋았어요,여행을 거쳐 성장하는 모습이 보기 좋았어요,normal
여행과 나날,인생도 여행도 계획처럼만 흘러가진 않으니 그저 흐르게 두고 싶다는 생각이 들었어요. 그리고 눈이 많은 곳으로 여행가고 싶어지기도 했어요.,인생도 여행도 계획처럼만 흘러가진 않으니 그저 흐르게 두고 싶다는 생각이 들었어요 그리고 눈이 많은 곳으로 여행가고 싶어지기도 했어요,normal
여행과 나날,깨끗해지는 것 같은 영화,깨끗해지는 것 같은 영화,normal
여행과 나날,"말이 안통하는 곳으로 여행 가는 걸 좋아해요
불편함은 커도 자유로운 느낌이 든달까요",말이 안통하는 곳으로 여행 가는 걸 좋아해요 불편함은 커도 자유로운 느낌이 든달까요,normal
여행과 나날,"여행의 고독감, 그 이상과 현실의 간극에서 오는 개그감",여행의 고독감 그 이상과 현실의 간극에서 오는 개그감,normal
여행과 나날,"인내심이 필요한 영화
무슨 말이 하고 싶은지 알 것 같으나..
여행은 이런 것이다?",인내심이 필요한 영화 무슨 말이 하고 싶은지 알 것 같으나 여행은 이런 것이다,normal
여행과 나날,여행가고 싶어지는 영화였어요!,여행가고 싶어지는 영화였어요,normal
여행과 나날,여행과 나날 잔잔하니 보기 좋아요,여행과 나날 잔잔하니 보기 좋아요,normal
여행과 나날,호불호는 있겠지만 극장용 영화,호불호는 있겠지만 극장용 영화,normal
여행과 나날,여행은 말로부터 멀어지는 일,여행은 말로부터 멀어지는 일,normal
여행과 나날,소복소복 조용히 흐르는 풍경,소복소복 조용히 흐르는 풍경,normal
여행과 나날,말이 이야기가 되어 달린다. 생동하는 예술.,말이 이야기가 되어 달린다 생동하는 예술,normal
여행과 나날,잔잔하지만 먹먹한 영화,잔잔하지만 먹먹한 영화,normal
여행과 나날,"자연 풍경이 좋고 잔잔함
너무 잔잔함",자연 풍경이 좋고 잔잔함 너무 잔잔함,normal
여행과 나날,영화 관람 잘했어요,영화 관람 잘했어요,normal
여행과 나날,좋은 작품 잘 감상합니다,좋은 작품 잘 감상합니다,normal
여행과 나날,#여행과나날여행과..,여행과나날여행과,normal
여행과 나날,#여행과나날#여행과나날,여행과나날여행과나날,normal
여행과 나날,재밌었어요 추천합니다 ㅎㅎ,재밌었어요 추천합니다 ㅎㅎ,positive
여행과 나날,여행은 또 다른 나를 만나는 기회,여행은 또 다른 나를 만나는 기회,normal
여행과 나날,"여름과 겨울, 남과 여. 흥미로운 구성과 아름다운 자연풍광을 담은 영화. (단, 졸음 주의)",여름과 겨울 남과 여 흥미로운 구성과 아름다운 자연풍광을 담은 영화 단 졸음 주의,normal
여행과 나날,잔잔해서 그런지 잠이 오네요,잔잔해서 그런지 잠이 오네요,normal
여행과 나날,영상미 좋고 괜찮네요!,영상미 좋고 괜찮네요,normal
여행과 나날,이동진이 높은 평점을 준 이유,이동진이 높은 평점을 준 이유,normal
여행과 나날,영화가 좀 잔잔하네요,영화가 좀 잔잔하네요,normal
여행과 나날,살아간다는 것에 대한 우연한 고민.,살아간다는 것에 대한 우연한 고민,normal
여행과 나날,설국이네요. 심은경배우 연기 잘하네요. 윤희에게도 떠오르고..,설국이네요 심은경배우 연기 잘하네요 윤희에게도 떠오르고,normal
여행과 나날,꿀잠 푹 자고 갑니다.,꿀잠 푹 자고 갑니다,normal
여행과 나날,Time flies but why?,Time flies but why,normal
여행과 나날,재밌게 잘 봤습니다.,재밌게 잘 봤습니다,positive
여행과 나날,슴슴하고 고요함에 즐거움이 있다 두 이야기가 다른듯 비슷하다,슴슴하고 고요함에 즐거움이 있다 두 이야기가 다른듯 비슷하다,normal
여행과 나날,"영화 속 영화, 일본 영화 GV는 저렇게 하는 구나...",영화 속 영화 일본 영화 GV는 저렇게 하는 구나,normal
여행과 나날,처음엔 이 영화 뭐지 싶었는데 괜첞네요. 풍경이 예뻐요,처음엔 이 영화 뭐지 싶었는데 괜첞네요 풍경이 예뻐요,normal
여행과 나날,나름 괜찮았던 영화에요.,나름 괜찮았던 영화에요,normal
여행과 나날,재미있게 봤습니다.,재미있게 봤습니다,positive
여행과 나날,완전 많이 좋았어요!!,완전 많이 좋았어요,normal
여행과 나날,1시간 29분만에 일본 여행을 하는 법:,1시간 29분만에 일본 여행을 하는 법,normal
여행과 나날,"믿고보는 심은경배우, 잔잔함이 잘 어울리는 배우",믿고보는 심은경배우 잔잔함이 잘 어울리는 배우,normal
여행과 나날,말에서 탈출. 한국 각본가의 깊은 산속 여관에서 특별한 나날. 무심한 주인과 수백 만엔 황금 잉어 도둑질. 얼어 죽은 잉어 구워 먹어. 잃어버린 카메라와 경찰. 주인 없는 여관 떠나는 작가. 설국의 풍경이 압권.,말에서 탈출 한국 각본가의 깊은 산속 여관에서 특별한 나날 무심한 주인과 수백 만엔 황금 잉어 도둑질 얼어 죽은 잉어 구워 먹어 잃어버린 카메라와 경찰 주인 없는 여관 떠나는 작가 설국의 풍경이 압권,normal
여행과 나날,잔잔하고 지루하네요,잔잔하고 지루하네요,negative
여행과 나날,"INTP 시나리오 작가의 F같은 여행. 
주인공이 나인줄...",INTP 시나리오 작가의 F같은 여행  주인공이 나인줄,normal
여행과 나날,재미있게 잘 보았습니다.,재미있게 잘 보았습니다,positive
여행과 나날,조금 더 느리게 전개되었으면 했는데 풍경이 다한듯,조금 더 느리게 전개되었으면 했는데 풍경이 다한듯,normal
여행과 나날,"여행과 나날,   너무 잘 봤어요!!!!",여행과 나날   너무 잘 봤어요,normal
여행과 나날,나에게로 떠나는 여행,나에게로 떠나는 여행,normal
여행과 나날,잔잔하니  잘 봤습니다,잔잔하니  잘 봤습니다,normal
여행과 나날,연기력이 돋보여 인상적임,연기력이 돋보여 인상적임,normal
여행과 나날,재밌게 잘 관람했습니다~,재밌게 잘 관람했습니다,positive
여행과 나날,여행가고 싶어져요,여행가고 싶어져요,normal
여행과 나날,신선한 듯 옛스럽고 낯설며 차분한 영화.,신선한 듯 옛스럽고 낯설며 차분한 영화,normal
여행과 나날,재밌게 잘 봤어요. 영상미가 멋지네요,재밌게 잘 봤어요 영상미가 멋지네요,positive
여행과 나날,아름다운 영상미와 마치 ASMR을 듣는 듯한 자연의 소리에 자연스럽게 힐링이~ 비록 극한의 잔잔함에 졸음이 쏟아졌지만,아름다운 영상미와 마치 ASMR을 듣는 듯한 자연의 소리에 자연스럽게 힐링이 비록 극한의 잔잔함에 졸음이 쏟아졌지만,normal
여행과 나날,잘봤습니다 볼만했어요 잘봤습니다,잘봤습니다 볼만했어요 잘봤습니다,normal
여행과 나날,잘봤습니다 잘봤습니다 잘봤습니다 잘봤습니다,잘봤습니다 잘봤습니다 잘봤습니다 잘봤습니다,normal
여행과 나날,잘봤습니다 볼만했어요 잘봤습니다,잘봤습니다 볼만했어요 잘봤습니다,normal
여행과 나날,잘봤습니다 좋았어요 잘봤습니다,잘봤습니다 좋았어요 잘봤습니다,normal
여행과 나날,여행을 떠나고 싶어요. 여름 바다와 겨울 설경을 찾아서요. 자기 삶의 성찰을 위해서요 ~~~,여행을 떠나고 싶어요 여름 바다와 겨울 설경을 찾아서요 자기 삶의 성찰을 위해서요 ,normal
여행과 나날,잔잔하게 흘러가는 휴식같은 영화,잔잔하게 흘러가는 휴식같은 영화,normal
여행과 나날,잘 보았습니다~~~!,잘 보았습니다,normal
여행과 나날,하루가 꼭 보람차지 않아도 괜찮다고 말해주는 것 같다,하루가 꼭 보람차지 않아도 괜찮다고 말해주는 것 같다,normal
여행과 나날,"생각보다는 재미 없었음 유머는 있었다
영화가 짧은 건 좋았다
눈이 그렇게 많이 온 지역에 놀러가보고 싶은 생각은 들었음
두 번은 안 볼 것 같음",생각보다는 재미 없었음 유머는 있었다 영화가 짧은 건 좋았다 눈이 그렇게 많이 온 지역에 놀러가보고 싶은 생각은 들었음 두 번은 안 볼 것 같음,positive
여행과 나날,잘봤습니다 좋았어요 잘봤습니다,잘봤습니다 좋았어요 잘봤습니다,normal
여행과 나날,나의 시간은 나이테와 같아서 추운 겨우날 생존을 속삭이는 속도같으이,나의 시간은 나이테와 같아서 추운 겨우날 생존을 속삭이는 속도같으이,normal
여행과 나날,계절에 어울리는 영화였습니다,계절에 어울리는 영화였습니다,normal
여행과 나날,배우 연기 많이 궁금  햇엇는데 좋앗엇다 스토리 보다는 우리 삶의 휴식과 낯선 이들과 만남 그리고 관계 에 대한 영화다,배우 연기 많이 궁금  햇엇는데 좋앗엇다 스토리 보다는 우리 삶의 휴식과 낯선 이들과 만남 그리고 관계 에 대한 영화다,normal
여행과 나날,여름의 파도 겨울의 눈밭 영상이 아주 아름다웠고 사운드가 좋았다  허를 찌르는 웃음포인트도 있어서 재미있었다,여름의 파도 겨울의 눈밭 영상이 아주 아름다웠고 사운드가 좋았다  허를 찌르는 웃음포인트도 있어서 재미있었다,positive
여행과 나날,"여행과 나날 느좋 영화,,, 잘봤음",여행과 나날 느좋 영화 잘봤음,normal
여행과 나날,일본의 여름 바다와 겨울 설산을 즐길 수 있는 선물 같은 영화,일본의 여름 바다와 겨울 설산을 즐길 수 있는 선물 같은 영화,normal
여행과 나날,예상하지 못했던 유머에 매료되다,예상하지 못했던 유머에 매료되다,normal
여행과 나날,볼 만한 영화네요 ~~~,볼 만한 영화네요 ,normal
여행과 나날,조용하게 영화에 빠져들었습니다,조용하게 영화에 빠져들었습니다,normal
여행과 나날,아름다운 설경과 최소한의 이벤트가 잔잔하게 마무리 된다,아름다운 설경과 최소한의 이벤트가 잔잔하게 마무리 된다,normal
여행과 나날,몰입해서 보려 했는데 앞부분은 이해도 안되고 좀 난해해요,몰입해서 보려 했는데 앞부분은 이해도 안되고 좀 난해해요,positive
여행과 나날,눈밭에 어리는 삶의 발자국. 적요한 즐거움,눈밭에 어리는 삶의 발자국 적요한 즐거움,normal
여행과 나날,심은경 배우님 잘 보았습니다,심은경 배우님 잘 보았습니다,normal
여행과 나날,재미있게 잘 봤습니다 좋았어요,재미있게 잘 봤습니다 좋았어요,positive
여행과 나날,재미있게 잘 봤습니다 좋았어요,재미있게 잘 봤습니다 좋았어요,positive
여행과 나날,재미있게 잘 봤습니다 좋았어요,재미있게 잘 봤습니다 좋았어요,positive
여행과 나날,재미있게 잘 봤습니다 좋았어요,재미있게 잘 봤습니다 좋았어요,positive
여행과 나날,낯선 곳에서의 인연과 우연,낯선 곳에서의 인연과 우연,normal
여행과 나날,굿.굿.굿.굿.굿.,굿굿굿굿굿,normal
여행과 나날,잔잔하니 좋았어요 !,잔잔하니 좋았어요 ,normal
여행과 나날,여행과 나날 좋았어요.,여행과 나날 좋았어요,normal
여행과 나날,어딘가로 훌쩍 떠나고싶어지는,어딘가로 훌쩍 떠나고싶어지는,normal
여행과 나날,여행에 대해 생각을 해보게 된다,여행에 대해 생각을 해보게 된다,normal
여행과 나날,너무나 감명 깊게 보았습니다,너무나 감명 깊게 보았습니다,normal
여행과 나날,여행과 나날 좋았습니다,여행과 나날 좋았습니다,normal
여행과 나날,영화 잘봤습니다!!,영화 잘봤습니다,normal
여행과 나날,잘봤어요 잘봤어요..,잘봤어요 잘봤어요,normal
여행과 나날,재미있게 잘 보았습니다,재미있게 잘 보았습니다,positive
여행과 나날,거짓말 안하고 시작부터 졸도했다가 심은경님 본격적으로 나오니까 몰입됨 처음부터 이야기를 이끌었다면 더 좋았을것 같지만... 나름 여행의 어떤 묘미를 잘 담은 것 같다,거짓말 안하고 시작부터 졸도했다가 심은경님 본격적으로 나오니까 몰입됨 처음부터 이야기를 이끌었다면 더 좋았을것 같지만 나름 여행의 어떤 묘미를 잘 담은 것 같다,positive
여행과 나날,영상미는 좋았으나 내용은 지루,영상미는 좋았으나 내용은 지루,negative
여행과 나날,잘 보고 갑니다 복 받으세요,잘 보고 갑니다 복 받으세요,normal
여행과 나날,"영화속 영화는 일본 시골 여름 해변가 
거기에 대조되는듯 비슷한 시골 겨울풍경
낯선곳의 이방인이였다 다시 익숙해지고
다시 여행으로 낯선곳의 이방인이 되는 주인공

우린 때론 이방인일때 행복할수있다",영화속 영화는 일본 시골 여름 해변가  거기에 대조되는듯 비슷한 시골 겨울풍경 낯선곳의 이방인이였다 다시 익숙해지고 다시 여행으로 낯선곳의 이방인이 되는 주인공 우린 때론 이방인일때 행복할수있다,normal
여행과 나날,감성 좋은 일본 영화의 분위기,감성 좋은 일본 영화의 분위기,normal
여행과 나날,재미있게 봤습니다 감사해요,재미있게 봤습니다 감사해요,positive
여행과 나날,안녕하세요 잘 봤습니다 :D,안녕하세요 잘 봤습니다 D,normal
여행과 나날,말의 굴레에서 벗어난 이미지의 매혹,말의 굴레에서 벗어난 이미지의 매혹,normal
여행과 나날,서늘한 여름. 포근한 겨울.,서늘한 여름 포근한 겨울,normal
여행과 나날,아바타 보고 피곤해서 예매해놓은걸 깜빡하고 그냥 집에갔어요 ㅜㅜ,아바타 보고 피곤해서 예매해놓은걸 깜빡하고 그냥 집에갔어요 ,normal
여행과 나날,눈 내리는 날 김이 모락모락나는 차 한잔의 여유,눈 내리는 날 김이 모락모락나는 차 한잔의 여유,normal
여행과 나날,"여행의 묘미를 만끽하며 나를 돌아보는 시간.. 
눈 덮인 벌판에 걷고 또 걷고 눕고 싶네요.",여행의 묘미를 만끽하며 나를 돌아보는 시간  눈 덮인 벌판에 걷고 또 걷고 눕고 싶네요,normal
여행과 나날,"여름과 겨울, 두 장의 풍경화",여름과 겨울 두 장의 풍경화,normal
여행과 나날,설원의 아름다운 풍경만 남는,설원의 아름다운 풍경만 남는,normal
여행과 나날,여행 가고 싶어졌다,여행 가고 싶어졌다,normal
여행과 나날,언어의 감옥 속에서 벗어나 조용하고 따뜻한 위로를 받고 다시 세상으로 나아가다,언어의 감옥 속에서 벗어나 조용하고 따뜻한 위로를 받고 다시 세상으로 나아가다,normal
여행과 나날,#여행과나날 재미있게 봤어요,여행과나날 재미있게 봤어요,positive
여행과 나날,ㅇㄷㅇㄴㅇㄷ읏ㆍㅇㆍㄴㆍ느으ㅡㅡ으ㅡㅇㄷㅅㄴㅅㄷ,ㅇㄷㅇㄴㅇㄷ읏ㅇㄴ느으으ㅇㄷㅅㄴㅅㄷ,normal
여행과 나날,영화 잘 봤어요. 좋아요.,영화 잘 봤어요 좋아요,normal
여행과 나날,오감을 동원한 눈부신 언어 여행,오감을 동원한 눈부신 언어 여행,normal
여행과 나날,"2025.12.14(일) 14:40~16:19
대학로 2관",20251214일 14401619 대학로 2관,normal
여행과 나날,재미있어요 좋아요 추천합니다,재미있어요 좋아요 추천합니다,positive
여행과 나날,"작가가 쓴 이야기, 그리고 작가의 이야기. 여행가고 싶다.",작가가 쓴 이야기 그리고 작가의 이야기 여행가고 싶다,normal
여행과 나날,이토록 당연한 선택들의 연속이라니요. 심은경 배우도 1:1(1.37:1)로 보이는 화면비와 앞•뒤 다른 이야기며 중간쯤 선생의 튀는 OO도 소모하려고 놓인 장치가 아니라 제목 그대로네요. 올해 마지막 극장관람 행복,이토록 당연한 선택들의 연속이라니요 심은경 배우도 111371로 보이는 화면비와 앞뒤 다른 이야기며 중간쯤 선생의 튀는 OO도 소모하려고 놓인 장치가 아니라 제목 그대로네요 올해 마지막 극장관람 행복,normal
여행과 나날,풍경이 아름다운 조용한 영화!!,풍경이 아름다운 조용한 영화,normal
여행과 나날,여행은 가장 좋은 경험이고 추억,여행은 가장 좋은 경험이고 추억,normal
여행과 나날,"내가 가진 커피, 한 사람의",내가 가진 커피 한 사람의,normal
여행과 나날,사람은 무엇을 찾아 여행하는걸까요,사람은 무엇을 찾아 여행하는걸까요,normal
여행과 나날,점차 젖어드는 이슬비같은 영화,점차 젖어드는 이슬비같은 영화,normal
여행과 나날,미야케 쇼의 쉬어가는 작품,미야케 쇼의 쉬어가는 작품,normal
여행과 나날,휴식 같았던 영화..지루하게 느껴질 수 있지만..풍경감상하다 보면..어느새 엔딩,휴식 같았던 영화지루하게 느껴질 수 있지만풍경감상하다 보면어느새 엔딩,negative
여행과 나날,여름이 지나고 겨울이 오고 또 여름이 되듯이 여행이 나날이 되고 나날이 여행이 되는 것이 바로 우리의 인생,여름이 지나고 겨울이 오고 또 여름이 되듯이 여행이 나날이 되고 나날이 여행이 되는 것이 바로 우리의 인생,normal
여행과 나날,영상미가 괜찮은 영화였어요.,영상미가 괜찮은 영화였어요,normal
여행과 나날,힐링되는 그런 기분이었음,힐링되는 그런 기분이었음,normal
여행과 나날,풍경 보는 재미가 있었어요.,풍경 보는 재미가 있었어요,positive
여행과 나날,뭔가 추우면서 따뜻한 그런 느낌,뭔가 추우면서 따뜻한 그런 느낌,normal
여행과 나날,밋밋한듯 하지만 일상속의 소소한 재미가 느껴지는 영화~,밋밋한듯 하지만 일상속의 소소한 재미가 느껴지는 영화,positive
여행과 나날,기대보다 영화 잘 봤습니다.,기대보다 영화 잘 봤습니다,normal
여행과 나날,부산국제영화제 때 봤는데 금방 개봉했네요,부산국제영화제 때 봤는데 금방 개봉했네요,normal
여행과 나날,한번도해본적없는혼여행을해보고싶어졌다,한번도해본적없는혼여행을해보고싶어졌다,normal
여행과 나날,독특한 액자식 구성이라 두 편의 영화를 보는 거 같아 좋았어요.,독특한 액자식 구성이라 두 편의 영화를 보는 거 같아 좋았어요,normal
여행과 나날,영상미가 정말 뛰어났음 힐링 영화로 제격 그렇다고 너무 지루하지만은 않고 재밌게 봤음,영상미가 정말 뛰어났음 힐링 영화로 제격 그렇다고 너무 지루하지만은 않고 재밌게 봤음,normal
여행과 나날,여행은 무얼 하려는 것이 아니었구나,여행은 무얼 하려는 것이 아니었구나,normal
여행과 나날,맨살을 파고드는 찬 공기 속에서 불쑥 스며드는 기분 정도로 산뜻하게 묘사된다,맨살을 파고드는 찬 공기 속에서 불쑥 스며드는 기분 정도로 산뜻하게 묘사된다,normal
여행과 나날,여행의 의미란 무엇일까? 나의 여행은 내 삶에서 어떤 의미를 가지고 있는가? 되돌아보게 되는 영화였습니다.,여행의 의미란 무엇일까 나의 여행은 내 삶에서 어떤 의미를 가지고 있는가 되돌아보게 되는 영화였습니다,normal
여행과 나날,영상미 좋은데 살짝 지루해요 ㅠ,영상미 좋은데 살짝 지루해요 ,negative
여행과 나날,여행이 절실히 필요한 요즘.. 여행 참 잘했다,여행이 절실히 필요한 요즘 여행 참 잘했다,normal
여행과 나날,흠~조금 별로였어요.,흠조금 별로였어요,negative
여행과 나날,삶에 여유와 평화가 필요할때,삶에 여유와 평화가 필요할때,normal
여행과 나날,"초반의 수영하는 장면, 심은경, 일본 중년남배우의 연기력이 좋았고 잘봤습니다.",초반의 수영하는 장면 심은경 일본 중년남배우의 연기력이 좋았고 잘봤습니다,normal
여행과 나날,슴슴한 재미가 있는 영화.,슴슴한 재미가 있는 영화,positive
여행과 나날,풍경이 너무 예뻐 마치 내가 여행하는 기분이 들었어요,풍경이 너무 예뻐 마치 내가 여행하는 기분이 들었어요,normal
여행과 나날,"여름과 겨울, 낯선 곳에서 마주한 인연을 통해 바라본 나",여름과 겨울 낯선 곳에서 마주한 인연을 통해 바라본 나,normal
여행과 나날,영화 재밌게 잘 봤습니다.,영화 재밌게 잘 봤습니다,positive
여행과 나날,여름의 잔잔한 아름다움과 겨울의 맑은 고요함이 둘다 너무 잘 담긴 영화. 시적인 풍경속에 관객이 빠져들게 만든다.,여름의 잔잔한 아름다움과 겨울의 맑은 고요함이 둘다 너무 잘 담긴 영화 시적인 풍경속에 관객이 빠져들게 만든다,normal
여행과 나날,영상이 너무 좋았어요 차분히니 좋아요,영상이 너무 좋았어요 차분히니 좋아요,normal
여행과 나날,"So, very tired.",So very tired,normal
여행과 나날,"다들 호평하시던데, 어느 포인트에서 감동을 받고 좋다고 해야 할지 몰라 자괴감을 느꼈습니다.",다들 호평하시던데 어느 포인트에서 감동을 받고 좋다고 해야 할지 몰라 자괴감을 느꼈습니다,positive
여행과 나날,괜찮았어요. 추천합니다.,괜찮았어요 추천합니다,positive
여행과 나날,잔잔한듯 공감가는 이야기,잔잔한듯 공감가는 이야기,normal
여행과 나날,영화가 여백이 많이 너무나 정적이다. 해당 계절에 풍경과 감성은 잘 담아냈다.,영화가 여백이 많이 너무나 정적이다 해당 계절에 풍경과 감성은 잘 담아냈다,normal
여행과 나날,진정 쉼을 위한 여행,진정 쉼을 위한 여행,normal
여행과 나날,기대보다 재미있었습니다,기대보다 재미있었습니다,positive
여행과 나날,"심은경의 일본원작영화
잔잔히 다음이야기가 궁금하네
여름과 겨울, 이국적인 일본
그옛날 TV문학관(삼포가는길)이 생각나네",심은경의 일본원작영화 잔잔히 다음이야기가 궁금하네 여름과 겨울 이국적인 일본 그옛날 TV문학관삼포가는길이 생각나네,normal
여행과 나날,"즉흥적인 이방인 생활중 생기는 에피소드
창작인의 일상",즉흥적인 이방인 생활중 생기는 에피소드 창작인의 일상,normal
여행과 나날,여행을 마치고 일상의 나날들로 돌아갈 순간,여행을 마치고 일상의 나날들로 돌아갈 순간,normal
여행과 나날,"여름과 겨울의 여행. 글로 적은 가상의 여행, 직접 겪고 글로 적는 여행.",여름과 겨울의 여행 글로 적은 가상의 여행 직접 겪고 글로 적는 여행,normal
여행과 나날,"저는 사실
많이 졸았습니다..일어나보니 눈밭이 계속나와서 멋있다! 고 생각하고 제목나오고..끝났습니다.",저는 사실 많이 졸았습니다일어나보니 눈밭이 계속나와서 멋있다 고 생각하고 제목나오고끝났습니다,normal
여행과 나날,보는 시각에 따라 평이 갈릴....,보는 시각에 따라 평이 갈릴,normal
여행과 나날,영화의 배경이 너무 멋지네요.,영화의 배경이 너무 멋지네요,positive
여행과 나날,뭔가 잔잔하면서 일상과 여행의 중간?! 시간가는줄 몰랐어요.,뭔가 잔잔하면서 일상과 여행의 중간 시간가는줄 몰랐어요,normal
여행과 나날,언젠가 이런 여행을 해보고 싶다.,언젠가 이런 여행을 해보고 싶다,normal
여행과 나날,말로부터 벗어나서 떠나는 여행의 고즈넉함,말로부터 벗어나서 떠나는 여행의 고즈넉함,normal
여행과 나날,"영상 속의 눈 마냥 소(복)소(복) 재밌던 영화.
일본영화 특유의 조용한 영화.",영상 속의 눈 마냥 소복소복 재밌던 영화 일본영화 특유의 조용한 영화,positive
여행과 나날,오랜만에 배우님 연기봐서 좋았어요,오랜만에 배우님 연기봐서 좋았어요,normal
여행과 나날,잔잔하이 좋네요 겨울과 어울리는 영화,잔잔하이 좋네요 겨울과 어울리는 영화,normal
여행과 나날,재미있게 잘 봤어요.,재미있게 잘 봤어요,positive
극장판 주술회전- 시부야사변 X 사멸회유,생각보다 빨리 끝나네여..,생각보다 빨리 끝나네여,normal
극장판 주술회전- 시부야사변 X 사멸회유,편집은 개판이지만 팬입장에서는 큰화면으로 내주는게 고맙다.,편집은 개판이지만 팬입장에서는 큰화면으로 내주는게 고맙다,normal
극장판 주술회전- 시부야사변 X 사멸회유,킬링 타임용으로 추천합니다.,킬링 타임용으로 추천합니다,positive
극장판 주술회전- 시부야사변 X 사멸회유,오랜만에 나와서 좋다.,오랜만에 나와서 좋다,normal
극장판 주술회전- 시부야사변 X 사멸회유,적의 음모속에 동료의 죽음 그리고 진실은,적의 음모속에 동료의 죽음 그리고 진실은,normal
극장판 주술회전- 시부야사변 X 사멸회유,이거도 곧이구나 ㅠ,이거도 곧이구나 ,normal
극장판 주술회전- 시부야사변 X 사멸회유,"추천합니다
추천합니다.",추천합니다 추천합니다,positive
극장판 주술회전- 시부야사변 X 사멸회유,쵸소우 사랑해욧... ㅠㅠ,쵸소우 사랑해욧 ,normal
극장판 주술회전- 시부야사변 X 사멸회유,사실 귀멸의 칼날이랑 체인소맨이 먼저 나와서 그런지 앞에 나온 작품에 비해 많이 아쉬운 영화중 하나였습니다. Ost 나왔을때 빼고는 흥미롭지 못했어요…,사실 귀멸의 칼날이랑 체인소맨이 먼저 나와서 그런지 앞에 나온 작품에 비해 많이 아쉬운 영화중 하나였습니다 Ost 나왔을때 빼고는 흥미롭지 못했어요,normal
극장판 주술회전- 시부야사변 X 사멸회유,별로예요 별로예요 별로예요,별로예요 별로예요 별로예요,negative
극장판 주술회전- 시부야사변 X 사멸회유,완존 재미있어욥 중간중간 작붕이 살짝 있지만 내용도 재밌고 좋아욥!!,완존 재미있어욥 중간중간 작붕이 살짝 있지만 내용도 재밌고 좋아욥,positive
극장판 주술회전- 시부야사변 X 사멸회유,재밋어오  또볼거에요옹,재밋어오  또볼거에요옹,normal
극장판 주술회전- 시부야사변 X 사멸회유,"같은 스승을 둔 이타도리와 옷코츠, 두 사람의 사투가 시작된다",같은 스승을 둔 이타도리와 옷코츠 두 사람의 사투가 시작된다,normal
극장판 주술회전- 시부야사변 X 사멸회유,"극장에서 보여지는 화면은 확실히 다르고
몇몇 장면들은 진짜 미치도록 좋은데
그 장면들 외에는 딱히 볼 이유가 없어보이고
편집이 많이 아쉬움",극장에서 보여지는 화면은 확실히 다르고 몇몇 장면들은 진짜 미치도록 좋은데 그 장면들 외에는 딱히 볼 이유가 없어보이고 편집이 많이 아쉬움,normal
극장판 주술회전- 시부야사변 X 사멸회유,"애니 주술회전만 보고 일본,한국판 만화책도 다 있고 굿즈도 있는 사람인데 입시준비하느라 1년동안 못봐서 오랜만에 보러왔습니다 근데 이게 뭔가요? 돈이 너무 아까워요 ost들릴때 가슴이 웅장해지고 흥분늬데",애니 주술회전만 보고 일본한국판 만화책도 다 있고 굿즈도 있는 사람인데 입시준비하느라 1년동안 못봐서 오랜만에 보러왔습니다 근데 이게 뭔가요 돈이 너무 아까워요 ost들릴때 가슴이 웅장해지고 흥분늬데,normal
극장판 주술회전- 시부야사변 X 사멸회유,주술 팬이면 걍 봐야함 사멸 최고,주술 팬이면 걍 봐야함 사멸 최고,positive
극장판 주술회전- 시부야사변 X 사멸회유,주술회전....주술회전..#,주술회전주술회전,normal
극장판 주술회전- 시부야사변 X 사멸회유,애니메이션 방영 분량을 그대로 가져온게 아니라서 새로운 느낌이 나서 좋았고 액션씬 연출이 화려해서 보는 재미가 있어요,애니메이션 방영 분량을 그대로 가져온게 아니라서 새로운 느낌이 나서 좋았고 액션씬 연출이 화려해서 보는 재미가 있어요,positive
극장판 주술회전- 시부야사변 X 사멸회유,시부야사변 요약이 엄청나지만 사멸회유를 보게되어 좋았습니다용,시부야사변 요약이 엄청나지만 사멸회유를 보게되어 좋았습니다용,normal
극장판 주술회전- 시부야사변 X 사멸회유,오 주술회전 극장판으로 처음 봤어요 남편이 하도 보자고해서 가서 잘 생각으로 갔는데스토리 하나도 모르지만 너무 재밌게 봤네요 처음부터 봐야겠어요 😂,오 주술회전 극장판으로 처음 봤어요 남편이 하도 보자고해서 가서 잘 생각으로 갔는데스토리 하나도 모르지만 너무 재밌게 봤네요 처음부터 봐야겠어요 ,positive
극장판 주술회전- 시부야사변 X 사멸회유,주술회전 추천합니다,주술회전 추천합니다,positive
극장판 주술회전- 시부야사변 X 사멸회유,주술회전 재밌게 봤어요,주술회전 재밌게 봤어요,positive
극장판 주술회전- 시부야사변 X 사멸회유,와 너무멋잇어요 액샨ㄴ씬른 역시 영화관에서 봐야함.. 사멸회유를 더욱 기다리게 만들었긔💕💕 확실히 내용을 다 알고 가는 것이 조을듯,와 너무멋잇어요 액샨ㄴ씬른 역시 영화관에서 봐야함 사멸회유를 더욱 기다리게 만들었긔 확실히 내용을 다 알고 가는 것이 조을듯,normal
극장판 주술회전- 시부야사변 X 사멸회유,도파민 중독..? 숏츠 두 시간 본 기분,도파민 중독 숏츠 두 시간 본 기분,normal
극장판 주술회전- 시부야사변 X 사멸회유,TV총집편에다가 시부야사변과 사멸회유 중간부분만 툭 잘라서 편집한 작품이라 아쉽고 전투신을 스크린에서 보니 좋음..체인소맨 레제편처럼 하나의 스토리로 맺음해줬으면하는 아쉬움이..,TV총집편에다가 시부야사변과 사멸회유 중간부분만 툭 잘라서 편집한 작품이라 아쉽고 전투신을 스크린에서 보니 좋음체인소맨 레제편처럼 하나의 스토리로 맺음해줬으면하는 아쉬움이,negative
극장판 주술회전- 시부야사변 X 사멸회유,화질 좋은 큰 화면에서 주술회전을 본것에 만족합니다~,화질 좋은 큰 화면에서 주술회전을 본것에 만족합니다,positive
극장판 주술회전- 시부야사변 X 사멸회유,잘봤어요 잘봤어요 잘봤어요 잘봤어요 잘봤어요,잘봤어요 잘봤어요 잘봤어요 잘봤어요 잘봤어요,normal
극장판 주술회전- 시부야사변 X 사멸회유,즐겁게 감상했습니다.,즐겁게 감상했습니다,normal
극장판 주술회전- 시부야사변 X 사멸회유,처음 보는 사람은 보지말라는 말을 들을걸,처음 보는 사람은 보지말라는 말을 들을걸,normal
극장판 주술회전- 시부야사변 X 사멸회유,사멸회유 빨리 나와라,사멸회유 빨리 나와라,normal
극장판 주술회전- 시부야사변 X 사멸회유,이런 산만하기 그지없는 모음집은 그냥 알아서 티비로 보는게 낫겠다. 애먼 스크린 수만 잡아먹어서 더 좋은 영화들 볼 기회마저 박탈함.,이런 산만하기 그지없는 모음집은 그냥 알아서 티비로 보는게 낫겠다 애먼 스크린 수만 잡아먹어서 더 좋은 영화들 볼 기회마저 박탈함,normal
극장판 주술회전- 시부야사변 X 사멸회유,진짜 애니 안 본 사람은 이해하기 힘들 것 같은.. 사멸회유 내용이 생각보다 많아서 좋았어요,진짜 애니 안 본 사람은 이해하기 힘들 것 같은 사멸회유 내용이 생각보다 많아서 좋았어요,normal
극장판 주술회전- 시부야사변 X 사멸회유,회전하면 사멸해유!!,회전하면 사멸해유,normal
극장판 주술회전- 시부야사변 X 사멸회유,음.. 굳이 안 봐도 될 듯,음 굳이 안 봐도 될 듯,normal
극장판 주술회전- 시부야사변 X 사멸회유,뭔가 살짝 아쉽긴 한데 액션신은 조앗숨니다,뭔가 살짝 아쉽긴 한데 액션신은 조앗숨니다,negative
극장판 주술회전- 시부야사변 X 사멸회유,진짜 재밌고 다음게 기다려져요,진짜 재밌고 다음게 기다려져요,positive
극장판 주술회전- 시부야사변 X 사멸회유,주술회전 잘보고있습니다 극장판도 봅니다,주술회전 잘보고있습니다 극장판도 봅니다,normal
극장판 주술회전- 시부야사변 X 사멸회유,미리보기편이라고 생각하고 가서 ㄱㅊ았는데 그래도 짧앗어요 근데 액션씬 진짜 미쳣다,미리보기편이라고 생각하고 가서 ㄱㅊ았는데 그래도 짧앗어요 근데 액션씬 진짜 미쳣다,normal
극장판 주술회전- 시부야사변 X 사멸회유,액션이 만족스러웠습니다.,액션이 만족스러웠습니다,positive
극장판 주술회전- 시부야사변 X 사멸회유,아이맥스로 2번 봤는데 볼때마다 나오야 얼굴이 너무 잘생겨서 감탄함 사멸회유 부분 액션도 굿,아이맥스로 2번 봤는데 볼때마다 나오야 얼굴이 너무 잘생겨서 감탄함 사멸회유 부분 액션도 굿,normal
극장판 주술회전- 시부야사변 X 사멸회유,빨리 3기 나왔으면!!!,빨리 3기 나왔으면,normal
극장판 주술회전- 시부야사변 X 사멸회유,친구가 필요하대서 샀음,친구가 필요하대서 샀음,normal
극장판 주술회전- 시부야사변 X 사멸회유,3기 정말 기대됩니다!!,3기 정말 기대됩니다,normal
극장판 주술회전- 시부야사변 X 사멸회유,재밌게 잘 봤어요 ㅎㅎㅋ,재밌게 잘 봤어요 ㅎㅎㅋ,positive
극장판 주술회전- 시부야사변 X 사멸회유,예전에 극장판 처음 나왔던 거 주술회전0 이었나? 이거만 보고 두 번째 보는 주술회전.. 뭔 내용인지 몰라서 액션씬만 구경^^,예전에 극장판 처음 나왔던 거 주술회전0 이었나 이거만 보고 두 번째 보는 주술회전 뭔 내용인지 몰라서 액션씬만 구경,normal
극장판 주술회전- 시부야사변 X 사멸회유,"이미 시부야사변을 봐서 그런지 너무 재밌었어요 
사멸회유 선공개 부분도 진짜 좋네요",이미 시부야사변을 봐서 그런지 너무 재밌었어요  사멸회유 선공개 부분도 진짜 좋네요,positive
극장판 주술회전- 시부야사변 X 사멸회유,주술회전 재미나게 즐길 수 있어요,주술회전 재미나게 즐길 수 있어요,positive
극장판 주술회전- 시부야사변 X 사멸회유,영상미가 좋았구. 사운드가 좋았다.,영상미가 좋았구 사운드가 좋았다,normal
극장판 주술회전- 시부야사변 X 사멸회유,유지 불쌍해… 요 ㅜ,유지 불쌍해 요 ,normal
극장판 주술회전- 시부야사변 X 사멸회유,"유타가 좋아요....
너무 좋아요..
심각하게 좋아요....
ㅇ ㅏ 벌써 이번편에 영화비로 10만원 이상 쓴 나...
아니야 좋아...",유타가 좋아요 너무 좋아요 심각하게 좋아요 ㅇ  벌써 이번편에 영화비로 10만원 이상 쓴 나 아니야 좋아,normal
극장판 주술회전- 시부야사변 X 사멸회유,"오니쨩은 최고다
큰 화면으로 보는 오니쨩은 더 최고다",오니쨩은 최고다 큰 화면으로 보는 오니쨩은 더 최고다,positive
극장판 주술회전- 시부야사변 X 사멸회유,사멸회유 너무 재밌다...,사멸회유 너무 재밌다,positive
극장판 주술회전- 시부야사변 X 사멸회유,잘보았습니다 대박이네용,잘보았습니다 대박이네용,positive
극장판 주술회전- 시부야사변 X 사멸회유,원데이패스 좋아요!,원데이패스 좋아요,normal
극장판 주술회전- 시부야사변 X 사멸회유,사멸회유의 도입부를 나름 잘 요약해서 시작한 느낌,사멸회유의 도입부를 나름 잘 요약해서 시작한 느낌,normal
극장판 주술회전- 시부야사변 X 사멸회유,고트goat 내 인생 최고 애니,고트goat 내 인생 최고 애니,positive
극장판 주술회전- 시부야사변 X 사멸회유,매니아들은 좋아할것 같은데 그냥 그럭저럭봤습니다.,매니아들은 좋아할것 같은데 그냥 그럭저럭봤습니다,normal
극장판 주술회전- 시부야사변 X 사멸회유,얘네들은 끝난 회차 뒷부분과 와 방영 예정 회차 앞부분을 붙여 이런 식으로 극장 개봉하는데.. 어찌 되었든 수익 창출면에서 탁월한 듯,얘네들은 끝난 회차 뒷부분과 와 방영 예정 회차 앞부분을 붙여 이런 식으로 극장 개봉하는데 어찌 되었든 수익 창출면에서 탁월한 듯,normal
극장판 주술회전- 시부야사변 X 사멸회유,늓ㄷㅇㄱㆍㄴㅅㄱㄴㅅ든ㅇㅅ니ㅡㅅㅇ느ㅡ,늓ㄷㅇㄱㄴㅅㄱㄴㅅ든ㅇㅅ니ㅅㅇ느,normal
극장판 주술회전- 시부야사변 X 사멸회유,졸았음…별로였음 하아아,졸았음별로였음 하아아,negative
극장판 주술회전- 시부야사변 X 사멸회유,좋은 영화는 관객을 즐겁게 해주는 영화이다,좋은 영화는 관객을 즐겁게 해주는 영화이다,normal
극장판 주술회전- 시부야사변 X 사멸회유,"내용 아무것도 모르고 간 저는 너무 정신이 없었고 
애니를 다 본 지인은 손에 땀이 날 정도로 즐겁게 봤다고 합니다 ㅎㅎ",내용 아무것도 모르고 간 저는 너무 정신이 없었고  애니를 다 본 지인은 손에 땀이 날 정도로 즐겁게 봤다고 합니다 ㅎㅎ,normal
극장판 주술회전- 시부야사변 X 사멸회유,"말 할 필요없는 ㅡㅡ
그냥 보면 된다는ㅡㅡㅡ",말 할 필요없는  그냥 보면 된다는,normal
극장판 주술회전- 시부야사변 X 사멸회유,혼란스러운 표현 속에서도 놓치지 않는 한줄기 일관성,혼란스러운 표현 속에서도 놓치지 않는 한줄기 일관성,normal
극장판 주술회전- 시부야사변 X 사멸회유,아주 신나는 영화였어요,아주 신나는 영화였어요,normal
극장판 주술회전- 시부야사변 X 사멸회유,"아……. 드디어
주술회전도 막바지로 달려가고있네요
일단 고죠를 큰 화면으로 봐서 너무 좋았고 눈이 즐거웠네요^~^",아 드디어 주술회전도 막바지로 달려가고있네요 일단 고죠를 큰 화면으로 봐서 너무 좋았고 눈이 즐거웠네요,normal
극장판 주술회전- 시부야사변 X 사멸회유,"기대보다 조금 재미가 없어서 평일 
이라 사람도 없고 아쉽네요",기대보다 조금 재미가 없어서 평일  이라 사람도 없고 아쉽네요,normal
극장판 주술회전- 시부야사변 X 사멸회유,재미있게 잘봤습니다,재미있게 잘봤습니다,positive
극장판 주술회전- 시부야사변 X 사멸회유,"많이 기대를 안해서인지 저는 좋았어요
그래서 다음편도 기다리게되네요",많이 기대를 안해서인지 저는 좋았어요 그래서 다음편도 기다리게되네요,normal
극장판 주술회전- 시부야사변 X 사멸회유,재미나게 잘 보았습니다,재미나게 잘 보았습니다,positive
극장판 주술회전- 시부야사변 X 사멸회유,"나오야 너무 매력입니다. 쵸소우도 형님 모먼트 좋고, 사멸회유의 시작을 알리는 최적의 영화",나오야 너무 매력입니다 쵸소우도 형님 모먼트 좋고 사멸회유의 시작을 알리는 최적의 영화,normal
극장판 주술회전- 시부야사변 X 사멸회유,나오야 예쁘게 잘뽑혔더라구요,나오야 예쁘게 잘뽑혔더라구요,normal
극장판 주술회전- 시부야사변 X 사멸회유,젠인 나오야랑 내 최애 옷코츠유타 잘생겼음 ㅠ,젠인 나오야랑 내 최애 옷코츠유타 잘생겼음 ,normal
극장판 주술회전- 시부야사변 X 사멸회유,사멸회유 너무 짧아서 아쉬워요 ㅜㅜ 영화 끝날 때 여기서 이렇게 끝난다고? 싶은데 쿠키영상도 없고 너무 감질나요!!! 빨리3기 나왔으면 좋겠네요 ㅎ,사멸회유 너무 짧아서 아쉬워요  영화 끝날 때 여기서 이렇게 끝난다고 싶은데 쿠키영상도 없고 너무 감질나요 빨리3기 나왔으면 좋겠네요 ㅎ,normal
극장판 주술회전- 시부야사변 X 사멸회유,"주술회전 제대로 본 적이 없었는데, 한번 날 잡고 봐도 좋겠다 생각이 들었다.",주술회전 제대로 본 적이 없었는데 한번 날 잡고 봐도 좋겠다 생각이 들었다,normal
극장판 주술회전- 시부야사변 X 사멸회유,"마슼전 전부 나와줬으면 좋았겠지만 대형 스크린으로 감상할 수 있다는 것만으로도 만족했음.
사멸회유 나오야 술식 잘 표현된 것도 괜찮았고, 전체적으로 2기보다 퀄이 좋아보임. 얼른 3기 방영했음 좋겠다!!",마슼전 전부 나와줬으면 좋았겠지만 대형 스크린으로 감상할 수 있다는 것만으로도 만족했음 사멸회유 나오야 술식 잘 표현된 것도 괜찮았고 전체적으로 2기보다 퀄이 좋아보임 얼른 3기 방영했음 좋겠다,positive
극장판 주술회전- 시부야사변 X 사멸회유,유지 넌 최고의 주술사야 횽아 손 잡고 세상 뿌시러 가자,유지 넌 최고의 주술사야 횽아 손 잡고 세상 뿌시러 가자,positive
극장판 주술회전- 시부야사변 X 사멸회유,나의 토게야 보고싶구나,나의 토게야 보고싶구나,normal
극장판 주술회전- 시부야사변 X 사멸회유,이도저도 아닌 것 같아 아쉬웠지만 팬심으로 봤습니다.,이도저도 아닌 것 같아 아쉬웠지만 팬심으로 봤습니다,normal
극장판 주술회전- 시부야사변 X 사멸회유,재밌음! 시부야 요약 잘함. 사멸회유를 어서 낉여주세요,재밌음 시부야 요약 잘함 사멸회유를 어서 낉여주세요,positive
극장판 주술회전- 시부야사변 X 사멸회유,무인 처음이었는데 너무 즐거웠어요,무인 처음이었는데 너무 즐거웠어요,normal
극장판 주술회전- 시부야사변 X 사멸회유,재밌게 봤습니다 굿굿,재밌게 봤습니다 굿굿,positive
극장판 주술회전- 시부야사변 X 사멸회유,"올해의 영화 top3 “귀주톱”
귀칼
주토
톱맨

시부야사변 본 사람도 헷갈릴 편집본.",올해의 영화 top3 귀주톱 귀칼 주토 톱맨 시부야사변 본 사람도 헷갈릴 편집본,normal
극장판 주술회전- 시부야사변 X 사멸회유,"별로예요@★★♥♥♥
$0",별로예요 0,negative
극장판 주술회전- 시부야사변 X 사멸회유,솔직히 저번 제로때보다 굉장히 색감과 액션에 힘이빠진 느낌이었지만 오리지널 극장판 스토리가 아니다 보니 주술회전 골수팬들에게는 다음시즌까지 기다리게해주는 단비같은 한 편이었어요,솔직히 저번 제로때보다 굉장히 색감과 액션에 힘이빠진 느낌이었지만 오리지널 극장판 스토리가 아니다 보니 주술회전 골수팬들에게는 다음시즌까지 기다리게해주는 단비같은 한 편이었어요,normal
극장판 주술회전- 시부야사변 X 사멸회유,사멸회유를 기대하게 하네여.,사멸회유를 기대하게 하네여,normal
극장판 주술회전- 시부야사변 X 사멸회유,조금 아쉬운부분도 있지만 재미있게 봤어요,조금 아쉬운부분도 있지만 재미있게 봤어요,positive
극장판 주술회전- 시부야사변 X 사멸회유,재밌네요 잘봤습니다.,재밌네요 잘봤습니다,positive
극장판 주술회전- 시부야사변 X 사멸회유,빨리 다음편이 보고 싶어요 !,빨리 다음편이 보고 싶어요 ,normal
극장판 주술회전- 시부야사변 X 사멸회유,전체적인 내용을 잘 모르지만 어쨌든 잘 봤어요~~~,전체적인 내용을 잘 모르지만 어쨌든 잘 봤어요,normal
극장판 주술회전- 시부야사변 X 사멸회유,"솔직히 기대하고 갔는데
엉망이었습니다
보지마세요 ott로도 보지마세요",솔직히 기대하고 갔는데 엉망이었습니다 보지마세요 ott로도 보지마세요,negative
극장판 주술회전- 시부야사변 X 사멸회유,잘봤습니다.감사합니다.,잘봤습니다감사합니다,normal
극장판 주술회전- 시부야사변 X 사멸회유,할말이많지만하지않겠음,할말이많지만하지않겠음,normal
극장판 주술회전- 시부야사변 X 사멸회유,고죠 오빠 더 많이 보고 싶었어요 너무 생략 돼서 아쉬웠어요 고죠 사랑해,고죠 오빠 더 많이 보고 싶었어요 너무 생략 돼서 아쉬웠어요 고죠 사랑해,normal
극장판 주술회전- 시부야사변 X 사멸회유,원작에 대해 깊은 이해를 이끌어내는 영화,원작에 대해 깊은 이해를 이끌어내는 영화,normal
극장판 주술회전- 시부야사변 X 사멸회유,시간 가는줄 모르고 재밌게 관람,시간 가는줄 모르고 재밌게 관람,positive
극장판 주술회전- 시부야사변 X 사멸회유,"마파 일러레들의 손목을 댓가로 이런 영상을 만들다니…
무서운 녀석들",마파 일러레들의 손목을 댓가로 이런 영상을 만들다니 무서운 녀석들,normal
극장판 주술회전- 시부야사변 X 사멸회유,오ㅓ듀어우댜ㅜ러롤ㅊ초ㅗㅛㄹㅍ,오듀어우댜러롤ㅊ초ㄹㅍ,normal
극장판 주술회전- 시부야사변 X 사멸회유,옷코츠 유타.. 너 미친거야,옷코츠 유타 너 미친거야,normal
극장판 주술회전- 시부야사변 X 사멸회유,귀멸의칼날.체인소맨과 함께 TV판의 액션씬과 퀄리티가 좋아서 극장판으로도 뛰어나다.,귀멸의칼날체인소맨과 함께 TV판의 액션씬과 퀄리티가 좋아서 극장판으로도 뛰어나다,normal
극장판 주술회전- 시부야사변 X 사멸회유,와 진짜 내인생네 히특작이었습니다,와 진짜 내인생네 히특작이었습니다,normal
극장판 주술회전- 시부야사변 X 사멸회유,유타는 오랜만에 봐도 멋있다,유타는 오랜만에 봐도 멋있다,normal
극장판 주술회전- 시부야사변 X 사멸회유,"어둡고 잔인할뿐 끝나고 나면
남는게 읍네 ㅋ",어둡고 잔인할뿐 끝나고 나면 남는게 읍네 ㅋ,normal
극장판 주술회전- 시부야사변 X 사멸회유,"아이는좋아했어요
저는 내용을 잘모르니..  ㅎㅅ",아이는좋아했어요 저는 내용을 잘모르니  ㅎㅅ,normal
극장판 주술회전- 시부야사변 X 사멸회유,"진짜 재밌어요ㅜㅜ 근데 스토리 보시려는 분들은 사멸회유 홍보용 예고편 정도로만 생각하고 보셔야 할 듯요!! 회옥절, 시부야사변 보고나서 보시면 감동이 2배입니다ㅠㅠ",진짜 재밌어요 근데 스토리 보시려는 분들은 사멸회유 홍보용 예고편 정도로만 생각하고 보셔야 할 듯요 회옥절 시부야사변 보고나서 보시면 감동이 2배입니다,positive
극장판 주술회전- 시부야사변 X 사멸회유,무엇보다도 이 작품의 가장 큰 매력은 절망 속에서도 싸움을 계속하는 이타도리가 한편으론 안쓰럽지만 그럼에도 멋지다 라는 생각이 들었기 때문이라고 생각한다.오직 요번 편은 이타도리의 매력을 느낄수 있,무엇보다도 이 작품의 가장 큰 매력은 절망 속에서도 싸움을 계속하는 이타도리가 한편으론 안쓰럽지만 그럼에도 멋지다 라는 생각이 들었기 때문이라고 생각한다오직 요번 편은 이타도리의 매력을 느낄수 있,positive
극장판 주술회전- 시부야사변 X 사멸회유,"코스요리를 기대했지만 에피타이저와 메인메뉴는 없었다. 게다가 화려함보다 산만함으로 그려진 액션까지... 주술회전의 고점인 시부야사변이라는 타이틀이 아쉽구나

★★☆",코스요리를 기대했지만 에피타이저와 메인메뉴는 없었다 게다가 화려함보다 산만함으로 그려진 액션까지 주술회전의 고점인 시부야사변이라는 타이틀이 아쉽구나 ,negative
극장판 주술회전- 시부야사변 X 사멸회유,줄거리만 40분. 나머진 예고,줄거리만 40분 나머진 예고,normal
극장판 주술회전- 시부야사변 X 사멸회유,"얼른 다음 편이 나왔으면 좋겠어요 ㅠㅠ
극장에라 보는건 역시 다릅니다",얼른 다음 편이 나왔으면 좋겠어요  극장에라 보는건 역시 다릅니다,normal
극장판 주술회전- 시부야사변 X 사멸회유,잘봤습니다 굳굳굳 ㅎ ㅎ ㅎㅎ,잘봤습니다 굳굳굳 ㅎ ㅎ ㅎㅎ,normal
극장판 주술회전- 시부야사변 X 사멸회유,재밌어요재밌어요재밌어요,재밌어요재밌어요재밌어요,positive
극장판 주술회전- 시부야사변 X 사멸회유,정말 재미있습니다!,정말 재미있습니다,positive
극장판 주술회전- 시부야사변 X 사멸회유,ㅣㅏ멒냡ㄹ법ㅓㅂㅓ번ㅂㅇ녀봉ㅍ옹,멒냡ㄹ법ㅂ번ㅂㅇ녀봉ㅍ옹,normal
극장판 주술회전- 시부야사변 X 사멸회유,잘봤습니다 굳굳굳 ㅎ ㅎ ㅎ,잘봤습니다 굳굳굳 ㅎ ㅎ ㅎ,normal
극장판 주술회전- 시부야사변 X 사멸회유,스페셜라이즈와 시작되는 스쿠나의 학살에 섬뜩함과 전율이 흘렀고 몰댄워즈와 시작되는 절망하다 다시 일어서는 이타도리에 울컥하면서 찡해졌습니다.. 액션씬 멋있어요 포디로 못본게 아쉬움,스페셜라이즈와 시작되는 스쿠나의 학살에 섬뜩함과 전율이 흘렀고 몰댄워즈와 시작되는 절망하다 다시 일어서는 이타도리에 울컥하면서 찡해졌습니다 액션씬 멋있어요 포디로 못본게 아쉬움,normal
극장판 주술회전- 시부야사변 X 사멸회유,"시부야사변 끝부분이랑 사멸회유 시작부분까지가 분량이에요
나오야 좋아해서 더 보긴 했는데 그 외의 부분은 그렇게 재밌지만은 않고 루즈하다고 느꼈어요",시부야사변 끝부분이랑 사멸회유 시작부분까지가 분량이에요 나오야 좋아해서 더 보긴 했는데 그 외의 부분은 그렇게 재밌지만은 않고 루즈하다고 느꼈어요,positive
극장판 주술회전- 시부야사변 X 사멸회유,나름 재미있게 봤는데 좀 약간 허무하네요.,나름 재미있게 봤는데 좀 약간 허무하네요,positive
극장판 주술회전- 시부야사변 X 사멸회유,"재밌게 잘 봤습니다 
ㅎㅎ",재밌게 잘 봤습니다  ㅎㅎ,positive
극장판 주술회전- 시부야사변 X 사멸회유,"전편을 모르는 사람은 혼돈 그잡채..
그리고 내용이 너무 왔다갔다 섞여있어서 어지러움",전편을 모르는 사람은 혼돈 그잡채 그리고 내용이 너무 왔다갔다 섞여있어서 어지러움,normal
극장판 주술회전- 시부야사변 X 사멸회유,내용을 모르고 보니 이해가 잘 안되었고 짧은 러닝타임이라도 지루했음.,내용을 모르고 보니 이해가 잘 안되었고 짧은 러닝타임이라도 지루했음,negative
극장판 주술회전- 시부야사변 X 사멸회유,이미 애니메이션이 나온 부분을 총집편해서 알고 있는데도 연출과 BD부분을 추가하여 새로운 느낌을 주어 신선했습니다,이미 애니메이션이 나온 부분을 총집편해서 알고 있는데도 연출과 BD부분을 추가하여 새로운 느낌을 주어 신선했습니다,normal
극장판 주술회전- 시부야사변 X 사멸회유,기대했던만큼 다음편 흥미를 끌어올려요,기대했던만큼 다음편 흥미를 끌어올려요,normal
극장판 주술회전- 시부야사변 X 사멸회유,빅스크린 관람경험 휼륭하다,빅스크린 관람경험 휼륭하다,normal
극장판 주술회전- 시부야사변 X 사멸회유,재관람이어도 새로운 경험,재관람이어도 새로운 경험,normal
극장판 주술회전- 시부야사변 X 사멸회유,"쵸소우 제일귀여움
나오야는 그냥나오야",쵸소우 제일귀여움 나오야는 그냥나오야,normal
극장판 주술회전- 시부야사변 X 사멸회유,"한편으론 시부야 이후 사멸회유편 괜찮을까 생각했는데
영화관에서 봐서 그런진 몰라도 시부야사변과 다르게 
사멸편만의 세기말 감성이 있어서 좋았습니다!
(내용알아도 볼만함!) 저녁에 보는거 추천합니다!",한편으론 시부야 이후 사멸회유편 괜찮을까 생각했는데 영화관에서 봐서 그런진 몰라도 시부야사변과 다르게  사멸편만의 세기말 감성이 있어서 좋았습니다 내용알아도 볼만함 저녁에 보는거 추천합니다,positive
극장판 주술회전- 시부야사변 X 사멸회유,보면볼수록 느끼는매력적인 액션스토리굳,보면볼수록 느끼는매력적인 액션스토리굳,normal
극장판 주술회전- 시부야사변 X 사멸회유,잘 봤습니다,잘 봤습니다,normal
극장판 주술회전- 시부야사변 X 사멸회유,음악이 좋아요 잘봤습니다 주술회전,음악이 좋아요 잘봤습니다 주술회전,normal
극장판 주술회전- 시부야사변 X 사멸회유,빨리 다음편 내놔여 현기증나니까,빨리 다음편 내놔여 현기증나니까,normal
극장판 주술회전- 시부야사변 X 사멸회유,재미있게 보았네요,재미있게 보았네요,positive
극장판 주술회전- 시부야사변 X 사멸회유,"이번 편 보실 분들은 시부야 사변 먼저 보시고 보시는 걸 추천드릴게요 요약을 어렵게 해서 정리가 잘 안되어 있습니다
그래도 사멸회유는 1화 좀 넘는 분량이라 재밌게 봤습니다
사멸회유 시리즈 기대되네요",이번 편 보실 분들은 시부야 사변 먼저 보시고 보시는 걸 추천드릴게요 요약을 어렵게 해서 정리가 잘 안되어 있습니다 그래도 사멸회유는 1화 좀 넘는 분량이라 재밌게 봤습니다 사멸회유 시리즈 기대되네요,positive
극장판 주술회전- 시부야사변 X 사멸회유,다시보기를 원래 좋아해서 다시보는것도 다음내용을 미리 살짝보는것도 좋았습니다,다시보기를 원래 좋아해서 다시보는것도 다음내용을 미리 살짝보는것도 좋았습니다,normal
극장판 주술회전- 시부야사변 X 사멸회유,내용 알고 보니까 지루했어요 ㅠ,내용 알고 보니까 지루했어요 ,negative
극장판 주술회전- 시부야사변 X 사멸회유,시리즈를 모르면 정신없다 끝난다,시리즈를 모르면 정신없다 끝난다,normal
극장판 주술회전- 시부야사변 X 사멸회유,시부야사변을 너무 압축해서 별로였어요,시부야사변을 너무 압축해서 별로였어요,negative
극장판 주술회전- 시부야사변 X 사멸회유,중간중간 편집 한것 같아 아쉬운 느낌이 들었지만 그래도 몰입할 정도로 재미 있게 봤습니다.,중간중간 편집 한것 같아 아쉬운 느낌이 들었지만 그래도 몰입할 정도로 재미 있게 봤습니다,positive
극장판 주술회전- 시부야사변 X 사멸회유,생각했던것보다 아쉬움...,생각했던것보다 아쉬움,normal
극장판 주술회전- 시부야사변 X 사멸회유,"뭔가 빠른 전개는 다 함정인듯.
너무 커트시켰음 ㅜㅜ",뭔가 빠른 전개는 다 함정인듯 너무 커트시켰음 ,normal
극장판 주술회전- 시부야사변 X 사멸회유,짧긴 너무 짧긴 함,짧긴 너무 짧긴 함,normal
극장판 주술회전- 시부야사변 X 사멸회유,너무 줄여서 뭔 소리인지 모르겠다,너무 줄여서 뭔 소리인지 모르겠다,normal
극장판 주술회전- 시부야사변 X 사멸회유,재미있게 잘 봤어요..,재미있게 잘 봤어요,positive
극장판 주술회전- 시부야사변 X 사멸회유,빨리 3기 나오ㅏ야해,빨리 3기 나오야해,normal
극장판 주술회전- 시부야사변 X 사멸회유,재밌게 잘 봤습니다.,재밌게 잘 봤습니다,positive
극장판 주술회전- 시부야사변 X 사멸회유,아주 재밌어요 👍 😄 😎,아주 재밌어요   ,positive
극장판 주술회전- 시부야사변 X 사멸회유,Ost넘 좋고 진짜 재밌어욤,Ost넘 좋고 진짜 재밌어욤,positive
극장판 주술회전- 시부야사변 X 사멸회유,역시 기대를 져버리지 않는 퀄리티,역시 기대를 져버리지 않는 퀄리티,normal
극장판 주술회전- 시부야사변 X 사멸회유,"이전 스토리를 잘 압축&요약하여 미친 영상미로 담았으며, 곧 공개될 사멸회유의 예고판 같던 영화입니다:)",이전 스토리를 잘 압축요약하여 미친 영상미로 담았으며 곧 공개될 사멸회유의 예고판 같던 영화입니다,normal
극장판 주술회전- 시부야사변 X 사멸회유,주술회전 재미있어요!!,주술회전 재미있어요,positive
극장판 주술회전- 시부야사변 X 사멸회유,"고죠 센세,, 흐흐그극 나오야 또 보고싶다^^
전편 복습을 야무지게 해줘서 좋았음",고죠 센세 흐흐그극 나오야 또 보고싶다 전편 복습을 야무지게 해줘서 좋았음,normal
극장판 주술회전- 시부야사변 X 사멸회유,솔까 그만 좀 징징 거렸으면 하는 생각도 듬,솔까 그만 좀 징징 거렸으면 하는 생각도 듬,normal
극장판 주술회전- 시부야사변 X 사멸회유,"재미있게 봤습니다.
앞으로가 더 기대됩니다.",재미있게 봤습니다 앞으로가 더 기대됩니다,positive
극장판 주술회전- 시부야사변 X 사멸회유,재미있게 잘 봤습니다 좋았어요,재미있게 잘 봤습니다 좋았어요,positive
극장판 주술회전- 시부야사변 X 사멸회유,원작의 날림을 애니가 커버함,원작의 날림을 애니가 커버함,normal
극장판 주술회전- 시부야사변 X 사멸회유,"뭔가 2시간짜리 만들었는데 뒤 잘라서 1시간 반짜리로 만든 느낌 아니 좋은데 뭔가 뭔가임🥹
유타오랜만에봐서반가웠고...나나밍행복해야해...",뭔가 2시간짜리 만들었는데 뒤 잘라서 1시간 반짜리로 만든 느낌 아니 좋은데 뭔가 뭔가임 유타오랜만에봐서반가웠고나나밍행복해야해,normal
극장판 주술회전- 시부야사변 X 사멸회유,진짜너무재밋어요 솔직히 영화로 처음보면 이해 아예 안될것같은데 시부야사변 전부 봣으면 그래도 나름 이해할 만함! 사멸회유는 좀 짧긴햇는데 나오야 너무너무 잘나왓으니 만족합니다🥹🥹👍🏻,진짜너무재밋어요 솔직히 영화로 처음보면 이해 아예 안될것같은데 시부야사변 전부 봣으면 그래도 나름 이해할 만함 사멸회유는 좀 짧긴햇는데 나오야 너무너무 잘나왓으니 만족합니다,positive
극장판 주술회전- 시부야사변 X 사멸회유,2주차 특전이 정말 간지납니다,2주차 특전이 정말 간지납니다,normal
극장판 주술회전- 시부야사변 X 사멸회유,처음보는 거라 잘 모르지만 잘 봤습니다,처음보는 거라 잘 모르지만 잘 봤습니다,normal
극장판 주술회전- 시부야사변 X 사멸회유,"젠인은 좋은거구나…
라는 생각을 했어요
나오야 짱",젠인은 좋은거구나 라는 생각을 했어요 나오야 짱,normal
극장판 주술회전- 시부야사변 X 사멸회유,재밋게 잘 봤습니다 다음편도 기대 됩니다,재밋게 잘 봤습니다 다음편도 기대 됩니다,normal
극장판 주술회전- 시부야사변 X 사멸회유,좋아하는 캐릭터들을 큰 스크린에서 볼 수 있어 좋았습니다!,좋아하는 캐릭터들을 큰 스크린에서 볼 수 있어 좋았습니다,normal
극장판 주술회전- 시부야사변 X 사멸회유,귀멸의칼날시리즈중에서도 스토리구성이가장탄탄하다,귀멸의칼날시리즈중에서도 스토리구성이가장탄탄하다,normal
극장판 주술회전- 시부야사변 X 사멸회유,"빨리 다음편 보고싶다....
고죠 사토루 봉인 해제 시켜줘!",빨리 다음편 보고싶다 고죠 사토루 봉인 해제 시켜줘,normal
극장판 주술회전- 시부야사변 X 사멸회유,나이가 들어서 그런가 좀 정신 없네요.,나이가 들어서 그런가 좀 정신 없네요,normal
극장판 주술회전- 시부야사변 X 사멸회유,재미있게 봤습니다 또 보고 싶네요,재미있게 봤습니다 또 보고 싶네요,positive
극장판 주술회전- 시부야사변 X 사멸회유,팬으로써 재밌었음!!,팬으로써 재밌었음,positive
극장판 주술회전- 시부야사변 X 사멸회유,"주술회전 급하게 보고 가서 본 거라 다 이해는 못했지만
작화 와 배경음악이 맘에 듭니다.",주술회전 급하게 보고 가서 본 거라 다 이해는 못했지만 작화 와 배경음악이 맘에 듭니다,normal
극장판 주술회전- 시부야사변 X 사멸회유,사멸회유 분량이 적게 나와서 좀 아쉬웠어요,사멸회유 분량이 적게 나와서 좀 아쉬웠어요,normal
극장판 주술회전- 시부야사변 X 사멸회유,3기 주세요 3기 주세요,3기 주세요 3기 주세요,normal
극장판 주술회전- 시부야사변 X 사멸회유,주술회전 극장판 잘 봤습니다!,주술회전 극장판 잘 봤습니다,normal
극장판 주술회전- 시부야사변 X 사멸회유,앞부분 정주행해야겠어요,앞부분 정주행해야겠어요,normal
극장판 주술회전- 시부야사변 X 사멸회유,애매합니다 애매합니다,애매합니다 애매합니다,normal
극장판 주술회전- 시부야사변 X 사멸회유,이전 시즌 요약 부분이 생각보다 길었다. 개인적으로는 이전 시즌 장면들을 큰 영화관 화면에서 봐서 즐거웠지만 이후 새로운 내용이 비교적 짧게 느껴져서 아쉬웠다. 그래도 정말 즐겁게 봤다.,이전 시즌 요약 부분이 생각보다 길었다 개인적으로는 이전 시즌 장면들을 큰 영화관 화면에서 봐서 즐거웠지만 이후 새로운 내용이 비교적 짧게 느껴져서 아쉬웠다 그래도 정말 즐겁게 봤다,normal
극장판 주술회전- 시부야사변 X 사멸회유,극장판 주술회전- 시부야사변 X 사멸회유,극장판 주술회전 시부야사변 X 사멸회유,normal
극장판 주술회전- 시부야사변 X 사멸회유,기대에 비해 조금 아쉬웠던 편,기대에 비해 조금 아쉬웠던 편,normal
극장판 주술회전- 시부야사변 X 사멸회유,"단순한 편집본 그 이상도 그 이하도 아니긴 한데...분량조절 실화냐??? 

​

(5/10) - 평작

​

PS. 액션신 쫌더 빠박하게 넣어주지....그냥 OTT 나오면보시길 추천...옷코츠 반갑긴함..

​

""이타도리군...뒷일을 부탁",단순한 편집본 그 이상도 그 이하도 아니긴 한데분량조절 실화냐   510  평작  PS 액션신 쫌더 빠박하게 넣어주지그냥 OTT 나오면보시길 추천옷코츠 반갑긴함  이타도리군뒷일을 부탁,positive
극장판 주술회전- 시부야사변 X 사멸회유,액션신이 많아서 좋았습니다 배경음악도 좋았고요 더시 한번 전편을 보고 싶어졌습니다,액션신이 많아서 좋았습니다 배경음악도 좋았고요 더시 한번 전편을 보고 싶어졌습니다,normal
극장판 주술회전- 시부야사변 X 사멸회유,재밌게 관람했습니다.,재밌게 관람했습니다,positive
극장판 주술회전- 시부야사변 X 사멸회유,너무짧아서 감질맛나고좀네요,너무짧아서 감질맛나고좀네요,normal
극장판 주술회전- 시부야사변 X 사멸회유,시간놓쳐서 못봤어요ㅠ,시간놓쳐서 못봤어요,normal
극장판 주술회전- 시부야사변 X 사멸회유,시부야사변 분량이 더 있었으면 좋았겠지만 그래도 역시 믿고보는 마파였습니다. 사멸회유 본편이 기대되네요.,시부야사변 분량이 더 있었으면 좋았겠지만 그래도 역시 믿고보는 마파였습니다 사멸회유 본편이 기대되네요,normal
극장판 주술회전- 시부야사변 X 사멸회유,전투신도좋고 재미있었습니다,전투신도좋고 재미있었습니다,positive
극장판 주술회전- 시부야사변 X 사멸회유,넘 재미있고 좋았어요 최고에요,넘 재미있고 좋았어요 최고에요,positive
극장판 주술회전- 시부야사변 X 사멸회유,몰입감 너무 아쉽다,몰입감 너무 아쉽다,normal
극장판 주술회전- 시부야사변 X 사멸회유,재미있었고 주술회전 좋아하시는 분들이면 잘 보실 거 같아요,재미있었고 주술회전 좋아하시는 분들이면 잘 보실 거 같아요,positive
극장판 주술회전- 시부야사변 X 사멸회유,처음경험하는 재미와 즐거움,처음경험하는 재미와 즐거움,positive
극장판 주술회전- 시부야사변 X 사멸회유,2025년 한국 극장가는 재패니메이션의 해,2025년 한국 극장가는 재패니메이션의 해,normal
극장판 주술회전- 시부야사변 X 사멸회유,"주술회전 애독자로서 만화책으로 보던 장면들을 극장판으로 볼 수 있어서 좋습니다. 
다음 편이 기대됩니다.",주술회전 애독자로서 만화책으로 보던 장면들을 극장판으로 볼 수 있어서 좋습니다  다음 편이 기대됩니다,normal
극장판 주술회전- 시부야사변 X 사멸회유,ott 나오면 보세요~,ott 나오면 보세요,normal
극장판 주술회전- 시부야사변 X 사멸회유,주술회전 재밓게 봐서 저번에 나온 것도 봤었고 이것도 봤는데 너무 재밋네여ㅜ 앞으로도 기대합니다,주술회전 재밓게 봐서 저번에 나온 것도 봤었고 이것도 봤는데 너무 재밋네여 앞으로도 기대합니다,normal
극장판 주술회전- 시부야사변 X 사멸회유,역시 기대만큼 재밌다!,역시 기대만큼 재밌다,positive
극장판 주술회전- 시부야사변 X 사멸회유,"주술회전 재밌게 보셨으면 보시는 걸 추천할게용! 
분량은 회옥 옥절이 좀 많이 나오고 사멸회유는 회옥 옥절에 비해 분량이 적은 게 좀 아쉬워요ㅜ 그래도 캐릭터 마다 다 매력적이라서 너무 좋아연 😍",주술회전 재밌게 보셨으면 보시는 걸 추천할게용  분량은 회옥 옥절이 좀 많이 나오고 사멸회유는 회옥 옥절에 비해 분량이 적은 게 좀 아쉬워요 그래도 캐릭터 마다 다 매력적이라서 너무 좋아연 ,positive
극장판 주술회전- 시부야사변 X 사멸회유,총편집이라 처음 접하는 사람들에겐 으잉?스럽겠지만 팬 입장에선 더할나위없이 만족 스럽다.,총편집이라 처음 접하는 사람들에겐 으잉스럽겠지만 팬 입장에선 더할나위없이 만족 스럽다,positive
극장판 주술회전- 시부야사변 X 사멸회유,시부야 사변 내용이 어느정도 있을거라 생각 했지만 이렇게 많을줄은 생각 못했음. 그 점은 아쉬움,시부야 사변 내용이 어느정도 있을거라 생각 했지만 이렇게 많을줄은 생각 못했음 그 점은 아쉬움,normal
극장판 주술회전- 시부야사변 X 사멸회유,뭔가 어수선한 느낌이구요 중간에 끊긴듯한..ㅋ 액션은 좋았어요,뭔가 어수선한 느낌이구요 중간에 끊긴듯한ㅋ 액션은 좋았어요,normal
극장판 주술회전- 시부야사변 X 사멸회유,기대를 많이 하고봐서 그런가 약간의 아쉬움이 같이 딸려온것 같네요^^ 그래도 재미있게 봤습니다~^^!,기대를 많이 하고봐서 그런가 약간의 아쉬움이 같이 딸려온것 같네요 그래도 재미있게 봤습니다,positive
극장판 주술회전- 시부야사변 X 사멸회유,스토리를 모르면 보기 힘들듯.. 액션은 좋지만 뭔가 난잡한 느낌이네요,스토리를 모르면 보기 힘들듯 액션은 좋지만 뭔가 난잡한 느낌이네요,normal
극장판 주술회전- 시부야사변 X 사멸회유,약간 빈 공간이 생긴거 같음,약간 빈 공간이 생긴거 같음,normal
극장판 주술회전- 시부야사변 X 사멸회유,기다린 보람이 있었어요!,기다린 보람이 있었어요,normal
극장판 주술회전- 시부야사변 X 사멸회유,잼나게 잘 봤어요~~^^,잼나게 잘 봤어요,normal
극장판 주술회전- 시부야사변 X 사멸회유,너무 너무 재미잇게 봤습니다 아타도리..,너무 너무 재미잇게 봤습니다 아타도리,positive
극장판 주술회전- 시부야사변 X 사멸회유,너무 요약해놔서 내용이 중구난방에 작화랑 스토리는 갈수록 별로. 앞으로 주술회전에 돈 안 쓸듯,너무 요약해놔서 내용이 중구난방에 작화랑 스토리는 갈수록 별로 앞으로 주술회전에 돈 안 쓸듯,negative
극장판 주술회전- 시부야사변 X 사멸회유,살짝아쉬운..3/2가 봤던내용이라서ㅠㅜ,살짝아쉬운32가 봤던내용이라서,normal
극장판 주술회전- 시부야사변 X 사멸회유,재미있어요. 엑션씬이 좋습니다~~,재미있어요 엑션씬이 좋습니다,positive
